Tabela/View;Português do Brasil (Nativo);Espanhol
E000ACR;Tabelas - Integrações - Hub de Royalties - Atualização de Consumo de Royalties;Tablas - Integraciones - Royalty Hub - Actualización del consumo de regalías
E000AEC;Tabelas - Integrações - Autenticadores Externos de Créditos de Cliente;Tablas - Integraciones - Autenticadores Externos de Crédito de Cliente
E000AGC;Tabelas - Integrações - Agrupamentos;Tablas - Integraciones - Agrupaciones
E000AGE;Cadastros - Processos Automáticos;Maestros - Procesos Automáticos
E000ALE;Alíquota de partilha de ICMS para venda não presencial entre estados;Alícuota de intercambio de ICMS* para venta no presencial entre estados
E000ANX;Tabelas - Controle de arquivos anexos;Tablas - Control de archivos anexos
E000ATN;Tabelas - Integrações - Registro de alterações de títulos do autenticador externo;Tablas - Integraciones - Registro de alteraciones de títulos del autenticador externo
E000ATV;Tabelas - Integrações - Atributos de Vendas;Tabeas - Integraciones - Atributos de Ventas
E000ATX;Tabelas - Autotextos;Tablas - Autotextos
E000AVA;Cadastros - Definição de avalistas para os documentos de contrato, pedido e nota fiscal;Registros - Definición de asegurador para los documentos de contrato, pedido y factura
E000BAL;Cadastro de Definições de Leitura da Balança;Registro de Definiciones de Lectura de Balanza
E000BAN;Tabelas - Integrações - Bancos;Tablas - Integraciones - Bancos
E000BCP;Tabelas - Integrações - Títulos a Pagar - Baixas por compensação;Tablas - Integraciones - Títulos por Pagar - Bajas por compensación
E000BDE;Tabelas - Integrações - Log bloqueio/desbloqueio de estoque via WMS;Tablas - Integraciones - Log bloqueo/desbloqueo de deposito vía WMS
E000BEM;Tabelas - Integrações - Bem;Tablas -Integraciones - Bién
E000BNF;Tabelas - Integrações - Situações Tributárias X Dispositivo Fiscal;Tablas - Integraciones - Situaciones Fiscales
E000BUS;Tabela - Busca Avançada - Geral;Tabla - Búsqueda Avanzada - General
E000CAP;Tabelas - Integrações - Categoria de Produtos;Tablas - Integraciones - Categoría de Productos
E000CCA;Tabelas - Integrações - Categorias de Crédito;Tablas - Integraciones - Categorías de Crédito
E000CCC;Tabelas - Gerais - Controle de consumo de códigos diversos;Tablas - Generales - Control de consumo de códigos diversos
E000CCO;Tabelas - Integrações - Contas Internas;Tablas - Integraciones - Cuentas Internas
E000CCU;Tabelas - Integrações - Centro de Custos;Tablas - Integraciones - Centro de Costos
E000CEP;Tabelas - Integrações - Ceps;Integraciones - Control de Generación de Informes
E000CER;Tabelas - Integrações - Hub de Royalties - Cancelamento de Entrega de Royalties dos Participantes;Tablas - Integraciones - Royalty Hub - Cancelación de entrega de regalías del participante
E000CES;Vendas/Compras - Controle de Entrada e Saída - Dados Gerais;Ventas/Compras - Control de Entrada y Salida - Datos Generales
E000CFP;Tabelas - Parâmetros - Campos por forma de pagamento;Tablas - Parámetros - Campos por forma de pago
E000CFR;Tabelas - Integrações - Hub de Royalties - Cancelamento de Fixação de Royalties;Tablas - Integraciones - Royalty Hub - Cancelación de Fijación de Regalías
E000CGR;Integrações - Controle de Geração de Relatórios;Tablas - Integraciones ¿ CPs
E000CHE;Tabelas - Integrações - Preparação de Tesouraria (Cheques/Avisos);Tablas - Integraciones - Preparación de Tesorería (Cheques/Avisos)
E000CID;Tabelas - Integrações - Cidades;Tablas - Integraciones - Ciudades
E000CIM;Tabelas - Integrações - Controle de Importações;Tablas - Integraciones - Control de Importaciones
E000CIR;Tabelas - Integrações - Hub de Royalties - Compra Imediata Royalties dos Participantes;Tablas - Integraciones - Centro de Regalías - Compra Inmediata Regalías de los Participantes
E000CIX;Tabelas - Integrações - Controle de registros integrados;Tablas - Integraciones - Control de registros integrados
E000CLC;Tabelas - Integrações - Coleções de Produtos;Tablas - Integraciones - Colecciones de Productos
E000CLF;Tabelas - Integrações - Classificações fiscais;Tablas - Integraciones - Clasificaciones fiscales
E000CLG;Cadastros - Log Genérico - Colunas para Não Gerar;Registros - Log Genérico - Columnas para No Generar
E000CLI;Tabelas - Integrações - Clientes;Tablas - Integraciones - Clientes
E000CMC;Integrações - Convênios Movimento de Conta;Integraciones - Convenios Movimiento de Cuenta
E000CMP;Integrações - Configuração de web service - Campos exportados;Integraciones - Configuración de web service - Campos exportados
E000CNV;Tabelas - Integrações - Convênios;Tablas - Integraciones - Convenios
E000COR;Tabelas - Gerais - Cores;Tablas - Generales - Colores
E000CPG;Tabelas - Integrações - Condições de Pagamento;Tablas - Integraciones - Condiciones de Pago
E000CPV;Tabelas - Integrações - Pendência de Configurações Parâmetros Valores;Tablas - Integraciones - Pendencia de Configuraciones Parámetros Valores
E000CRR;Tabelas - Gerais - Correct Control;Tablas - Generales - Control Correctivo
E000CRT;Tabelas - Integrações - Carteiras de cobrança;Tablas - Integraciones - Carteras de cobranza
E000CSE;Integrações - Varejo - Controle de Séries Externas;Integraciones - Venta al detal - Control de Series Externas
E000CSI;Tabelas - Integração - Cadastro de serviços intermediados;Tablas - Integración - Registro de servicios intermediados
E000CTC;Tabelas - Integrações - Movimento de Cota Capital;Tablas - Integraciones - Movimiento de Cuotas de Capital
E000CTR;Tabelas - Integrações - Contrato de Venda;Tablas - Integraciones - Contrato de venta
E000CWS;Integrações - Configuração de web service;Integraciones - Configuración de web service
E000CXC;Tabelas - Integrações - Controle de Cupons X Convênios;Tablas - Integraciones - Control de Comprobantes X Convenios
E000CXU;Tabelas - Integrações - Ligação Categoria Produto x Usuarios;Tablas - Integraciones - Relación Categoría Producto x Usuarios
E000DCD;Tabelas - Gerais - Diretiva de Coleta de Dados do Cliente;Tablas - Generales - Directiva de Colecta de Datos del Cliente
E000DCF;Tabelas - Integrações - Dados do cálculo de frete;Tablas - Integraciones - Datos de cálculo de flete
E000DEP;Tabelas - Integrações - Depósitos;Tablas - Integraciones - Depósitos
E000DLS;Tabelas - Recebimento de Documentos Eletrônicos - Entrada, Vencimento, Lote, Série;Tablas - Recibimiento de Documentos Electrónicos - Entrada, Vencimiento, Lote, Serie
E000DME;Tabelas - Integrações - Definições de Metas;Tablas - Integraciones - Definiciones de Metas
E000DOW;Tabelas - Integrações - Distribuição de lote/série de itens de ordens de separação/recebimento;Tablas - Integraciones - Distribución de lote/serie de elementos de órdenes de separación/recibimiento
E000DVS;Tabelas - Integrações - Notas fiscais de saída - Devolução;Tablas - Integraciones - Facturas salientes - Devoluciones
E000EBQ;Tabelas - Integrações - Serviço de Frete da Filial;Tablas - Integraciones - Servicio de Flete de la Sucursal
E000EEP;Parâmetros de execução de processos para fechamento da Controladoria;Parámetros de ejecución de procesos para cierre de Contraloría
E000EIC;Tabelas - Integrações - Exceções de Integração de Cupom Fiscal;Tablas - Integraciones - Excepciones de Integración de Comprobante Fiscal
E000EIS;Tabelas - Integrações - Exceções de Integração com Sistemas Terceiros;Tablas - Integraciones - Excepciones de Integración con Sistemas Terceros
E000EIW;Tabelas - Integrações - Exceções da integração;Tablas - Integraciones - Excepciones de la integración
E000EIZ;Tabelas - Integrações - Exceções de Integração de Redução Z;Tablas - Integraciones - Excepciones de Integración de Reducción Z
E000EMB;Tabelas - Integrações - Tipos de Embalagem;Tablas - Integraciones - Tipos de Paquete
E000EME;Tabelas - Integrações - Requisições Estoque;Tablas - Integraciones - Requisiciones Deposito
E000EMI;Tabelas - Integração - Requisição de Estoques - Controle de integração;Tablas - Integración - Requisición de Stocks - Control de integración
E000EMS;Tabelas - Ext. Dados - Log de tentativa de acesso por módulo;Tablas - Ext. Datos - Registro de intentos de acceso por módulo
E000ENE;Tabelas - Integrações - Cancelamento notas fiscais de entrada;Tablas - Integraciones - Cancelación facturas de entrada
E000ENR;Tabelas - Integrações - Hub de Royalties - Entrega de Royalties dos Participantes;Tablas - Integraciones - Centro de regalías - Entrega de regalías a participantes
E000ENT;Tabelas - Integrações - Entregas Varejo;Tablas - Integraciones - Entregas Minorista
E000EOW;Tabelas - Integrações - Embalagens da ordem WMS;Tablas - Integraciones - Paquetes de la orden WMS
E000EPS;Estados de passagem do percurso do MDF-e;Estados de pasaje del percurso del MDF-e*
E000EPT;Tabelas - Integrações - Exceções de Integração de Pagamento de Títulos;Tablas - Integraciones - Excepciones de Integración de Pago de Títulos
E000EQF;Tabelas - Integrações - Equipamentos Fiscais;Tablas - Integraciones - Equipamientos Fiscales
E000ERA;Cadastros - Processos Automáticos - Entrada de Relatórios;Maestros - Procesos Automáticos - Entrada de Reportes
E000ERT;Tabelas - Integrações autenticador externo - Cancelamento de renegociacao;Tablas - Integraciones autenticador externo - Cancelación de renegociación 
E000ESL;Tabelas - Integrações - Exportação Saldo de Lotes;Tablas - Integraciones - Exportación de saldo por lotes
E000ESP;Tabelas - Integrações - Espécie de Bens;Tablas - Integraciones - Especie de Bienes
E000EST;Tabelas - Integrações - Saldo de Estoque;Tablas - Integraciones - Saldo de Deposito
E000ETK;Tabelas - Eventos - Tracking;Tablas - Eventos - Seguimiento
E000ETP;Tabelas - Integrações - Exclusão de Títulos a Pagar;Tablas - Integraciones - Exclusión de Títulos a Pagar
E000ETR;Tabelas - Integrações - Exclusão de Títulos a Receber;Tablas - Integraciones - Exclusión de Títulos a Recibir
E000EXC;Tabelas - Integrações - Exceção Exportação;Tablas - Integraciones - Excepción Exportación
E000EXF;Tabelas - Recebimento de Documentos Eletrônicos - Notas Fiscais de Entrada - Ligação Notas de Frete;Tablas - Recibimiento de Documentos Electrónicos - Facturas de Entrada - Relación Notas de Flete
E000FAB;Tabelas - Integrações - Fabricantes;Tablas - Integraciones - Fabricantes
E000FAM;Tabelas - Integrações - Famílias;Tablas - Integraciones - Familias
E000FAV;Tabelas - Integração - Controle de Favorecidos;Tablas - Integración - Control de beneficiario
E000FBA;Tabelas - Busca Avançada - Filtros;Tablas - Búsqueda Avanzada - Filtros
E000FEC;Tabelas - Gerais - Controle de Fechamento de Período;Tablas - Generales - Control de Cierre de Período
E000FER;Tabelas - Integrações - Feriados;Tablas - Integraciones - Festivos
E000FIL;Tabelas - Integrações - Filiais;Tablas - Integraciones - Sucursales
E000FIN;Tabelas - Integrações - Financeiras;Tablas - Integraciones - Financieras
E000FIR;Tabelas - Integrações - Hub de Royalties - Fixação de Royalties;Tablas - Integraciones - Royalty Hub - Configuración de regalías
E000FOP;Tabelas - Integrações - Fotos de Produtos;Tablas - Integraciones - Fotos de Productos
E000FOR;Tabelas - Integrações - Fornecedores;Tablas - Integraciones - Proveedores
E000FOT;Tabelas - Integrações - Filiais de Operadoras de Telefonia;Tablas - Integraciones - Sucursales de Operadoras de Telefonía
E000FPG;Tabelas - Integrações - Formas de Pagamento;Tablas - Integraciones - Formas de Pago
E000FPJ;Tabelas - Integrações - Projetos - Fases;Tablas - Integraciones - Proyectos - Fases
E000FPR;Tabelas - Integrações - Ligação Produto x Fornecedor;Tablas - Integraciones - Relación Producto x Proveedor
E000GEM;Tabelas - Integrações - Grupo de empresas;Tablas - Integraciones - Grupo de empresas
E000GFE;Tabelas - Integrações - Grupo Fiscal para compras;Tablas - Integraciones - Grupo Fiscal para compras
E000GFI;Tabelas - Integrações - Pendências de Grupos Fiscais;Tablas - Integraciones - Pendencias de Grupos Fiscales
E000GPF;Tabelas - Integrações - Grupo Fiscal;Tablas - Integraciones - Grupo Fiscal
E000GRI;Tabelas - Busca eDocs - Guia de Recolhimento de Impostos;Tablas - Búsqueda eDocs - Guía de Recaudación de Impuestos
E000HCV;Integrações - Varejo - Histórico de configuração;Integraciones - Venta al detal- Histórico de configuración
E000HEP;Histórico de Execução de Processo;Históricos de Ejecución de Proceso
E000IBA;Tabelas - Busca Avançada - Itens;Tablas - Busca Avanzada - Elementos
E000IBP;Tabelas - Integrações - Tabela IBPT;Tablas - Integraciones - Tabla IBPT*
E000IBT;Tabelas - Integrações - Intenção de baixas de títulos C.Receber;Tablas - Integraciones - Intención de bajas de títulos C.Recibir
E000ICL;Tabelas - Integrações - Item de Classificação;Tablas - Integraciones - Elemento de clasificación
E000IEC;Tabelas - Integrações - Controle de Início e Término das Exportações;Tablas - Integraciones - Control de Inicio y Término de las Exportaciones
E000IEX;Tabelas - Integrações - Índices de controle de exportação dados;Tablas - Integraciones - Índices de control de exportación de datos 
E000ILP;Tabelas - Lista de Presentes- Itens;Tablas - Lista de Regalos- Elementos
E000ILR;Tabelas - Integrações - Carga Inicial;Tablas - Integraciones - Carga Inicial
E000ILV;Tabelas - Lista de Presentes - Itens Vendidos;Tablas - Lista de Presentes - Elementos Vendidos
E000IMO;Tabelas - Integrações - Índices Moedas;Tablas - Integraciones - Índices Monedas
E000IMP;Tabelas - Integrações - Alíquotas de Reduções Z;Tablas - Integraciones - Alícuotas de Reducciones Z
E000INP;Insight Control - Ligação Insights X Papéis;Insight Control: conexión de roles de Insights X
E000INS;Insight Control - Controle de Insights;Control de conocimiento - Control de conocimiento
E000INT;Tabelas - Gerais - Integrações;Tablas - Generales - Integraciones
E000IOW;Tabelas - Integrações - Itens de ordens de separação/recebimento;Tablas - Integraciones - elementos de órdenes de separación/recibimiento
E000IPA;Insight de Processos Automáticos;Conocimiento automático del proceso
E000IPC;Tabelas - Recebimento de Documentos Eletrônicos - Notas Fiscais de Entrada - Itens de Produto;Tablas - Integraciones - Recibimiento de Documentos Electrónicos - Facturas de Entrada - Elementos de Producto
E000IPC_FLT;Tabelas - Integração - Notas Fiscais de Entrada - Itens da folha do leite;Tablas - Integración - Facturas de Entrada - Ítems de la nómina de leche
E000IPF;Tabelas - Integrações - Perfis de Usuário;Tablas - Integraciones - Perfiles de Usuario
E000IPR;Recebimento de Documentos Eletrônicos - Notas de Entrada - Itens de Produto - Reforma tributária;Recepción de Documentos Electrónicos - Notas de Entrada - Ítems de Producto - Reforma tributaria
E000IPV;Tabelas - Integrações - PDVS;Tablas - Integraciones - PDVS
E000ISC;Tabelas - Recebimento de Documentos Eletrônicos - Notas Fiscais de Entrada - Itens de Serviço;Tablas - Recibimiento de Documentos Electrónicos - Facturas de Entrada - Elementos de Servicio
E000ISR;Recebimento de Documentos Eletrônicos - Notas de Entrada - Itens de Serviço - Reforma tributária;Recepción de Documentos Electrónicos - Notas de Entrada - Ítems de Servicio - Reforma tributaria
E000ITM;Intermediadores da Transação (NF-e/NFC-e);Intermediadores de la Transacción (NF-e*/NFC-e*)
E000LBD;Tabelas - Gerais - Limpeza de Base;Tablas - Generales - Limpieza de Base
E000LBE;Tabelas - Gerais - Limpeza Base por Empresa e Filial;Tablas - Generales - Limpieza Base por Empresa y Sucursal
E000LBS;Tabelas - Gerais - Limpeza de base Saldos;Tablas - Generales - Limpieza de base Saldos
E000LDP;Tabelas - Integrações - Itens Log de Integração Receituário Agronômico;Tablas - Integraciones - Registro de Integración de Artículos Prescripción Agronómica
E000LDX;Tabelas - Gerais - Log dos documentos enviadaos para integração com seniorX;Tablas - General - Registro de documentos enviados para integración con seniorX
E000LEP;Automatismos de processos - Métricas;Automatización de procesos - Métricas
E000LEX;Tabelas - Gerais - Log dos erros retornados da integração com seniorX;Tablas - General - Registro de errores devueltos por la integración con seniorX
E000LIN;Tabelas - Integrações - Log de Integração Receituário Agronômico;Tablas - Integraciones - Registro de Integración de Prescripciones Agronómicas
E000LLU;Tabelas - Ext. Dados - Log de tentativa de acesso por módulo e usuário;Tablas - Ext. Datos - Registro de intentos de acceso por módulo y usuario
E000LLX;Tabelas - Gerais - Log dos lotes enviadaos para integração com seniorX;Tablas - General - Registro de lotes enviados para integración con seniorX
E000LNP;Tabelas - Recebimento de Documentos Eletrônicos - Notas Fiscais de Entrada - Ligação Entre Itens Produto Notas Fiscais de Entrada;Tablas - Recibimiento de Documentos Electrónicos - Facturas de Entrada - Relación Entre Ítems Producto Facturas de Entrada
E000LNS;Tabelas - Recebimento de Documentos Eletrônicos - Notas Fiscais de Entrada - Ligação Entre Itens Serviço Notas Fiscais de Entrada;Tablas - Recibimiento de Documentos Electrónicos - Facturas de Entrada - Relación Entre Ítems Servicio Facturas de Entrada
E000LOC;Integrações - Varejo - Ligação O.P. com Cupom Fiscal;Integraciones - Minorista - Conexión O.P. con Comprobante Fiscal
E000LOG;Cadastros - Log Genérico;Registros - Log Genérico
E000LOT;Tabelas - Integrações - Lote Contábil;Tablas - Integraciones - Lote Contable
E000LPA;Cadastros - Processos Automáticos - Logs;Maestros -  Procesos Automáticos - Logs
E000LPD;Tabelas - Integrações - Ligação Produto X Depósitos;Tablas - Integraciones - Relación Producto X Almacenaje
E000LPR;Tabelas - Lista de Presentes;Tablas - Lista de Regalos
E000LPV;Tabelas - Integrações - Convênio X Produto;Tablas - Integraciones - Convenio X Producto
E000LRE;Tabelas - Recebimento de Documentos Eletrônicos - Log;Tablas - Recepción de Documentos Electrónicos - Registro
E000LRI;Tabelas - Integrações - Log de Retorno Integração Receituário Agronômico;Tablas - Integraciones - Integración de Registros de Retorno de Prescripciones Agronómicas
E000MCD;Tabelas - Integrações - Matriz de Distribuição de Custos;Tablas - Integraciones - Matriz de distribución de costos
E000MCP;Tabelas - Integrações - Títulos a Pagar - Movimentações;Tablas - Integraciones - Títulos a Pagar - Movimientos
E000MCR;Tabelas - Integrações - Títulos a Receber - Movimentações;Tablas - Integraciones - Títulos a Recibir - Movimientos
E000MCX;Tabelas - Integrações - Movimentos do Caixa;Tablas - Integraciones - Movimientos de la Caja
E000MED;Tabelas - Integrações - Unidades de Medida;Tablas - Integraciones - Unidades de Medida
E000MIN;Monitoramento de Insights de Processos Automáticos.;Monitoreo automático de información sobre procesos.
E000MOE;Tabelas - Integrações - Moedas;Tablas - Integraciones - Monedas
E000MON;Tabelas - Integrações - Montagens;Tablas - Integraciones - Montajes
E000MOT;Tabelas - Integrações - Motivos de situações;Tablas - Integraciones - Motivos de situaciones
E000MPV;Tabelas - Integrações - Marcas de Produtos;Tablas - Integraciones - Marcas de Productos
E000MTE;Tabelas - Integrações - Movimentos de Tesouraria;Tablas - Integraciones - Movimientos de Tesorería
E000MTR;Tabelas - Integrações - Motoristas;Tablas - Integraciones - Conductor
E000MTX;Pendências - Tesouraria - Fluxo de caixa SeniorX;Emisiones pendientes - Tesorería - Flujo de caja SeniorX
E000MVE;Tabelas - Integrações - Movimentos de Estoque;Tablas - Integraciones - Movimientos de Fondos
E000MVI;Tabelas - Integração - Movimentos de Estoque - Controle de integração;Tablas - Integración - Movimientos de Stock - Control de integración
E000NEX;Gerais - Integração de notas fiscais de entrada com seniorX;General - Integración de facturas entrantes con seniorX
E000NFC;Tabelas - Recebimento de Documentos Eletrônicos - Notas Fiscais de Entrada - Dados Gerais;Tablas - Recibimiento de Documentos Electrónicos - Facturas de Entrada - Datos Generales
E000NFC_DEST;Recebimento de Documentos eletrônicos - Notas Fiscais de entrada - Destinatário;Recepción de Documentos electrónicos - Facturas de entrada - Destinatario
E000NFC_EMIT;Recebimento de Documentos eletrônicos - Notas Fiscais de entrada - Emitente;Recepción de Documentos electrónicos - Facturas de entrada - Emisor
E000NFC_FLT;Tabelas - Recebimento de Documentos Eletrônicos - Notas Fiscais de Entrada - Dados Gerais;Tablas - Recibimiento de Documentos Electrónicos - Facturas de Entrada - Datos Generales
E000NFD;Tabelas - Integrações - Item nota fiscal de saída;Tablas - Integraciones - Elementos factura de salida
E000NFE;Tabelas - Integrações - Notas fiscais de entrada;Tablas - Integraciones - Facturas de entrada
E000NFL;Tabelas - Integração - Notas de Entrada - Controle de integração folha do leite;Tablas - Integración - Facturas de Entrada - Control de integración nómina de la leche
E000NFS;Tabelas - Integrações - Notas fiscais de saída;Tablas - Integraciones - Facturas de salida
E000NIV;Cadastros - Níveis;Maestros - Niveles
E000NRF;Tabelas - Recebimento de Documentos Eletrônicos - Notas Fiscais de Entrada - Notas Referênciadas;Tablas - Recibimiento de Documentos Electrónicos - Facturas de Entrada - Facturas Referenciadas
E000NSX;Gerais - Integração de notas fiscais de saída com seniorX;General - Integración de facturas salientes con seniorX
E000NTG;Tabelas - Integrações - Naturezas de Gasto;Tablas - Integraciones - Naturalezas de Gasto
E000OAT;Tabelas - Integrações - Ocorrências Assistência Técnica;Tablas - Integraciones - Ocurrencias Asistencia Técnica
E000OBC;Tabelas - Integrações - Observações do Cliente;Tablas - Integraciones - Notas para el cliente
E000OBI;Insights - Observações;Perspectivas - Observaciones
E000OBS;Tabelas - Gerais - Observações;Tablas - Generales - Observaciones
E000ODW;Tabelas - Integrações - Ordens de separação/recebimento;Tablas - Integraciones - Ordenes de separación/recibimiento
E000ONF;Tabelas - Integrações - Operações de nota fiscal;Tablas - Integraciones - Operaciones de factura
E000OPC;Integrações - Varejo - O.P. com pendência de baixa de componentes;Integraciones - Minorista - O.P. con pendientes de baja de componentes
E000OPE;Tabelas - Integrações - Operadoras de Cartão;Tablas - Integraciones - Operadoras de Tarjeta
E000ORI;Tabelas - Integrações - Origens de Produto;Tablas - Integraciones - Orígenes de Producto
E000OTE;Tabelas - Integrações - Operadoras de Telefonia;Tablas - Integraciones - Operadoras de Telefonía
E000OXW;Tabelas - Integrações - Ordem X Item da ordem WMS;Tablas - Integraciones - Orden X Elemento de la orden WMS
E000PAI;Tabelas - Integrações - Países;Tablas - Integraciones - Países
E000PAP;Insight Control - Papéis da Plataforma (Roles);Insight Control: roles de plataforma
E000PAR;Tabelas - Recebimento de Documentos Eletrônicos - Notas Fiscais de Entrada - Parcelas;Tablas - Recibimiento de Documentos Electrónicos - Facturas de Entrada - Cuotas
E000PCD;Tabelas - Recebimento de Documentos Eletrônicos - Notas Fiscais de Entrada - Itens de Produto - Diversos;Tablas - Recibimiento de Documentos Electrónicos - Facturas de Entrada - Elementos de Producto - Diversos
E000PCM;Tabelas - Integrações - Contas ou Centro de Custos;Tablas - Integraciones - Cuentas o Centro de Costos
E000PCO;Tabelas - Integrações - Definições de Comissões;Tablas - Integraciones - Definiciones de Comisiones
E000PCP;Tabelas - Integrações - Preço custo de produto por data;Tablas - Integraciones - Precio costo de producto por fecha
E000PDV;Tabelas - Integrações - Parâmetros PDV;Tablas - Integraciones - Parámetros PDV
E000PDX;Gerais - Integração de pedidos com seniorX;General - Integración de pedidos con seniorX
E000PED;Tabelas - Integrações - Pedidos;Tablas - Integraciones - Pedidos
E000PEP;Tabelas - Integrações - Pendências da posição de estoque de produtos;Tablas - Integraciones - Pendencias de la posición de estoque de productos
E000PER;Percursos do MDF-e;Percursos del MDF-e*
E000PFA;Tabelas - Integrações - Clientes;Tablas - Integraciones - Clientes
E000PFP;Tabelas - Integrações - Parâmetros por forma de pagamento;Tablas - Integraciones - Parámetros por forma de pago
E000PFU;Cadastros - Perfis de Usuário (Varejo);Registros - Perfiles de Usuario (Venta al Por Menor)
E000PFX;Gerais - Integração de pré-faturas com seniorX;General - Integración de prefacturas con seniorX
E000PGM;Manufatura - Parâmetros - Parâmetros Gerais Manufatura;Manufactura - Parámetros - Parámetros Generales Manufactura
E000PLA;Tabelas - Integrações - Plano de Conta Contábil;Tablas - Integraciones - Plan de Cuenta Contable
E000PLE;Plano de execução dos webservices;Plan de ejecución de servicios web.
E000PLF;Tabelas - Integrações - Contas financeiras;Tablas - Integraciones - Cuentas financieras
E000PME;Tabelas - Integrações - Preço Médio Movimentos de Estoque;Tablas - Integraciones - Precio Promedio Movimientos de Stock
E000PMF;Tabelas - Integrações - Preço Médio de Produto;Tablas - Integraciones - Precio Medios de Producto
E000POC;Tabelas - Integrações - Ordem de Compra;Tablas - Integraciones - Orden de Compra
E000POR;Tabelas - Integrações - Portadores;Tablas - Integraciones - Portadores
E000PPA;Parâmetros de Insights de Processos Automáticos;Parámetros de información automática sobre procesos
E000PPD;Integrações - Estoques - Posição de estoque do produto em determinado momento;Integraciones - Estoques - Posiciones de estoque del producto en determinado momento
E000PRA;Cadastros - Processos Automáticos;Maestros - Procesos Automáticos
E000PRD;Tabelas - Integrações - Propriedade e Subpropriedade;Tablas - Integraciones - Propiedad y Subpropiedades
E000PRJ;Tabelas - Integrações - Projetos;Tablas - Integraciones - Proyectos
E000PRO;Tabelas - Integrações - Produtos;Tablas - Integraciones - Productos
E000PRP;Tecnologia - Dados da Proprietária;Tecnología - Datos de la Propietaria
E000PRS;Tabelas - Integrações - Processos integrados;Tablas - Integraciones - Procesos integrados
E000PXF;Tabelas - Parâmetros por Form;Tablas - Parámetros por el Form
E000RAI;Tabelas - Integrações - Retorno de Análise de Crédito;Tablas - Integraciones - Retorno de Análisis de Crédito
E000RAM;Tabelas - Integrações - Ramos de atividade;Tablas - Integraciones - Ramos de actividad
E000RCT;Tabelas - Integrações - Receituário Agronômico;Tablas - Integraciones - Recetas Agronómicas
E000RDT;Tabelas - Integrações - Restrições de Destinatários em Notas Fiscais de Transferência;Tabla - Integraciones - Restricciones de Destinatarios en Factura de Transferencia
E000REP;Tabelas - Integrações - Representantes;Tablas - Integraciones - Representantes
E000REZ;Tabelas - Integrações - Reduções Z;Tablas - Integraciones- Reducciones Z
E000RHA;Tabelas - Integrações - Retorno da persistência por HASH para o sistema integrador;Tablas - Integraciones - Retorno de persistencia vía HASH al sistema integrador
E000RIP;Tabelas - Integrações - Retornos de Integração;Tablas - Integraciones - Retornos de Integración
E000RIT;Tabelas - Integrações - Retorno de chaves integradas do ERP;Tablas - Integraciones - Retorno de llaves integradas del ERP
E000RMO;Tabelas - Integrações - Ordem de Compra - Recebimento de Mercadoria;Tablas - Integraciones - Orden de compra - Entrada de mercancías
E000RNT;Tabelas - Integrações - Renegociações de títulos do autenticador;Tablas - Integraciones - Renegociaciones de títulos do autenticador
E000ROC;Tabelas - Integrações - Retornos de Integração - Ligação Ordem de Compra;Tablas - Integraciones - Devoluciones de integración - Enlace de orden de compra
E000SAC;Tabelas - Integrações - Sacado;Tablas - Integraciones - Sacado
E000SAF;Tabelas - Integrações - Safra;Tablas - Integraciones - Cosecha
E000SCO;Tabelas - Integrações - Saldo Contábil Mensal Centro Custo/Origem;Tablas - Integraciones - Saldo Contable Mensual Centro Costo/Origen
E000SEG;Tabelas - Integrações - Seguradoras;Tablas - Integraciones - Aseguradoras
E000SER;Tabelas - Integrações - Serviços;Tablas - Integraciones - Servicios
E000SIN;Tabelas - Integrações - Inicialização de integrações;Tablas - Integraciones - Inicialización de integraciones
E000SIS;Tabelas - Integrações - Sistemas Integrados;Tablas - Integraciones - Sistemas Integrados
E000SNF;Tabelas - Integrações - Séries de Notas Fiscais;Tablas - Integraciones - Series de Facturas
E000SOL;Tabelas - Integrações - Solicitação de Compra;Tablas - Integraciones - Solicitud de Compra
E000SXT;Tabelas - Integrações - Sistema X Tipo de Informação para Integração;Tablas - Integraciones - Sistema X Tipo de Información para Integración
E000TAN;Tabelas - Integrações com autenticador externo - Registro  das movimentações dos títulos;Tablas - Integraciones con autenticador externo - Registro  de las unidades de los títulos
E000TAP;Tabelas - Integrações - Token Wiipo;Tablas - Integraciones - Wiipo Token
E000TCP;Tabelas - Integrações - Títulos a Pagar;Tablas - Integraciones - Títulos a Pagar
E000TCR;Tabelas - Integrações - Títulos a Receber;Tablas - Integraciones - Títulos a Recibir
E000TFR;Tabelas - Integrações - Tabelas de preço de Frete;Tablas - Integraciones - Tablas de precios de Flete
E000TJU;Tabelas - Integrações - Tabela de juros;Tablas - Integraciones - Tabla de intereses
E000TMO;Tabelas - Integrações - Transações X Motivos;Tabla - Integraciones - Transacciones X Motivos
E000TNS;Tabelas - Integrações - Transações e CFOP;Tablas - Integraciones - Transacciones y CFOP
E000TPD;Tabelas - Integrações - Tributos de Produto no Documento Fiscal;Tablas - Integraciones - Tributos de Producto en el Documento Fiscal
E000TPR;Tabelas - Integrações - Tabelas de preço;Tablas - Integraciones- Tablas de precio
E000TPS;Tabelas - Integrações - Tributos de Serviço no Documento Fiscal;Tablas - Integraciones - Tributos de Servicio en el Documento Fiscal
E000TPT;Tabelas - Integrações - Tipos de Título;Tablas - Integraciones - Tipos de Título
E000TRP;Tabelas - Integrações - Transportadoras;Tablas - Integraciones - Transportadoras
E000UFS;Tabelas - Integrações - Estados;Tablas - Integraciones - Estados
E000UNA;Tabelas - Integrações - Usuários Controle Aprovações;Tabla - Integraciones - Usuarios Control Aprobaciones
E000USU;Tabelas - Integrações - Usuários;Tablas - Integraciones - Usuarios
E000UXP;Tabelas - Integrações - Ligação Usuarios x Produtos;Tablas - Integraciones - Relación Usuarios x Productos
E000VCF;Tabelas - Integrações - Verbas de compra das filiais;Tablas - Integraciones - Fondos de compra de las sucursales
E000WIZ;Cadastros - Processo Inicialização (GO UP);Registros - Proceso Inicialización (GO UP)
E001AGR;Tabelas - Transações - Parâmetros de Impostos da Transação;Tablas - Transacciones - Parámetros de impuestos sobre transacciones
E001EST;Tabelas - Transações - Estoques;Tablas - Transacciones - Stocks
E001ETN;Tabelas - Exclusões de Transações;Tablas - Exclusiones de Transacciones 
E001INE;Tabelas - Transações - Parâmetros de Incentivos Estaduais da Transação;Tablas - Transacciones - Parámetros de incentivos del estado de transacción
E001INT;Tabelas - Transações - Integrações;Tablas - Transacciones - Integraciones 
E001LTE;Tabelas - Transações - Transação por Tipo de Empresa;Tablas - Transacciones - Transacción por Tipo de Empresa
E001LTF;Cadastros - Transações - Ligação Transação X Filial;Registros - Transacciones - Relación Transacción X Sucursal
E001NOF;Tabelas - Naturezas de Operação FAF;Tablas - Naturalezas de Operación FAF
E001RAT;Tabelas - Transações - Rateios;Tablas - Transacciones - Prorrateos
E001TCP;Tabelas - Transações - Compras;Tablas - Transacciones - Compras
E001TCT;Tabelas - Transações - Cota Capital;Tablas - Transacciones - Cuota Capital
E001TCV;Integrações - Varejo - Transação de Cupom X Transação de Nota Consumidor Final;Integraciones - Al por menor - Transacción de Comprobante X Transacción de Factura Consumidor Final
E001TFI;Tabelas - Transações - Financeiro;Tablas - Transacciones - Financiero
E001TIT;Tabelas - Transações - Títulos de Impostos;Tablas - Transacciones - Títulos de Impuestos
E001TMO;Tabelas - Transações - Ligação Transação x Motivos de Ocorrência;Tablas - Transacciones - Relación Transacción x Motivos de incidente
E001TNC;Tabelas - Transações Complementar;Tablas - Transacciones Complementar
E001TNP;Tabelas - Transações - Ligação Transação x Natureza de Operação;Tablas - Transacciones - Relación Transacción x Naturaleza de Operación
E001TNS;Tabelas - Transações;Tablas - Transacciones
E001TPA;Tabelas - Transações - Patrimônio;Tablas - Transacciones - Patrimonio
E001TPC;Tabelas - Transação - Parâmetros Complementares (GO UP);Tablas - Transacción - Parámetros Complementares (Go Up)
E001TPJ;Tabelas - Transações - Projetos;Tablas - Transacciones - Proyectos
E001TVE;Tabelas - Transações - Vendas;Tablas - Transacciones - Ventas
E001TXA;Cadastros - Finanças - Contas a Pagar/Receber - Transações desconsideradas para Ajustes Financeiros;Registros - Finanzas - Cuentas a Pagar/Recibir - Transacciones desconsideradas para Ajustes Financieros
E001TXF;Tabelas - Transação - Ligação Transação X Conta Financeira;Tablas - Integraciones - Servicios
E001TXT;Tabelas - Transação - Ligação Transação Saída X Transação Entrada;Tablas - Transacción - Relación Transacción Salida X Transacción Entrada
E002AXT;Cadastros - Finanças - Contas a Pagar/Receber - Tipos de Título desconsiderados para Ajustes Financeiros;Registros - Finanzas - Cuentas a Pagar/Recibir - Tipos de Título desconsiderados para Ajustes Financieros
E002HTT;Tabelas - Tipos de Título - Contas por Empresa;Tablas - Tipo de Título - Cuentas por Empresa
E002PJF;Cadastros - Finanças - Parâmetros Ajustes Financeiros;Registros - Finanzas - Parámetros Ajustes Financieros
E002PVC;Cadastros - Finanças - Parâmetros Variação Cambial;Registros - Finanzas - Parámetros Variación Cambial
E002PVM;Cadastros - Finanças - Parâmetros Ajuste a Valor de Mercado;Registros - Finanzas - Parámetros Ajuste al Valor de Mercado
E002RAT;Tabelas - Tipos de Título - Rateios;Tablas - Tipos de Título - Prorrateos
E002RXT;Cadastros - Finanças - Contas a Pagar/Receber - Relacionamento entre Tipo de Título;Registros - Finanzas - Cuentas por Pagar/Cobrar - Relación entre Tipo de Título
E002TPT;Tabelas - Tipos de Título;Tablas - Tipos de Título
E002TXN;Cadastros - Finanças - Contas a Pagar/Receber - Relacionamento Tipo de Título X  Natura de Gastos;Registros - Finanzas - Cuentas por Pagar/Cobrar - Relación Tipo de Título X  Naturaleza de Gastos
E002TXT;Cadastros - Finanças - Contas a Pagar/Receber - Relacionamento Tipo de Título X  Transação;Registros - Finanzas - Cuentas por Pagar/Cobrar - Relación Tipo de Título X  Transacción
E003PEM;Cadastros - Controles por Empresa;Maestros - Controles por Empresa
E004CAR;Tabelas - Parâmetros - Carga;Tablas - Parámetros - Carga
E004CPF;Tabelas - Critérios para Pontuação de Fornecedores;Tablas - Criterios para Puntuación de Proveedores
E004PAE;Tabelas - Parâmetros - Análise de Embarque;Tablas - Parámetros -  Análisis de Embarque
E004PAR;Tabelas - Parâmetros - Fluxo de Caixa (2);Tablas - Parámetros - Flujo Caja (2)
E004PAS;Tabelas - Parâmetros - Fluxo de Caixa (2) - Distribuição Títulos Anteriores;Tablas - Parámetros - Flujo Caja (2) Distribución Títulos Anteriores
E004PAT;Tabelas - Parâmetros - Simulação de Transferência de Saldos Bancários;Tablas - Parámetros - Simulación de Transferencia de Saldos Bancarios
E004TPG;Tabelas - Parâmetros - Últimos Parâmetros Solicitados;Tablas - Parámetros - Últimos Parámetros Solicitados 
E005CEL;Tabelas - Células de Produção (Grupos de Trabalho);Tablas - Células de Producción (Grupos de Trabajo) 
E005CEO;Tabelas - Ligação Célula X Estágio/Operação;Tablas - Relación Célula X Etapa/Operación 
E006EEN;Tabelas - Estrutura de Endereços;Tablas - Estructuras de Direcciones
E006PAI;Tabelas - Países;Tablas - Países
E007UFS;Tabelas - Estados;Tablas - Estados
E008CEP;Tabelas - Cep;Tablas - Código Postal
E008ENT;Tabelas - Cidades para RAIS - Valores de entrada dos relatórios municipais;Tablas - Ciudades para RAIS - Valores de entrada de informes municipales
E008ERA;Tabelas - Exclusões de Cidades para RAIS;Tablas -  Exclusiones de Ciudades para RAIS
E008GDM;Tabelas - Cidades para RAIS - Parâmetros para geração das DESIF;Tablas - Ciudades para RAIS* - Parámetros para generación de las DESIF*
E008RAI;Tabelas - Cidades para RAIS - SIG;Tablas - Ciudades para RAIS - SIG
E009PPE;Tabelas - Parâmetros por Estados;Tablas - Parámetros por  Estados
E009PTE;Tabelas - Parâmetros por Transação e Estado;Tablas - Parámetros por Transacción y Estado
E009RAF;Tabelas - Parâmetros - Recuperação de ICMS sobre acréscimo financeiro;Tablas - Parámetros - Recuperación de IVA sobre incremento financiero
E010ACI;Cadastros - Características - Itens dos Agrupamentos;Maestros - Características - Ítems de los Agrupamientos
E010ACR;Cadastros - Características - Relacionamentos dos Agrupamentos;Maestros - Características - Relaciones de los Agrupamientos
E010AGP;Cadastros - Características - Agrupamentos;Maestros - Características - Agrupamientos
E010CCP;Cadastros - Características de Produto - Componentes;Maestros -  Características del Producto - Componentes
E010CTE;Cadastros - Características de Produto;Maestros - Características del Producto
E011CLC;Tabelas - Coleções de Produtos;Tablas - Colecciones de Producto
E011DEF;Tabelas - Defeitos de Fabricação (Não Conformidade);Tablas - Defectos de Fabricación (No Conformidad)
E011PCL;Tabelas - Produtos de Validades de Coleção de Produtos;Tablas - Productos de Validades de Colección de Productos
E011VCL;Tabelas - Validades de Coleções de Produtos;Tablas - Validades de Colecciones de Productos
E012CSP;Cadastros - Famílias - Características;Maestros - Familias - Características
E012DPD;Cadastros - Famílias - Distribuição Proporcional por Derivações;Maestros - Familias - Distribución Proporcional por Derivaciones
E012EFA;Cadastros - Exclusões de Famílias;Registros - Exclusiones de Familias 
E012FAM;Cadastros - Famílias;Maestros - Familias
E012FME;Cadastros - Ligação Família X Máscara Endereçamento Produto;Registros - Relación Familia X Máscara Direccionamiento del producto
E012FXF;Cadastros - Ligação Família X Fornecedor;Registros - Relación Familia X Proveedor
E012FXT;Cadastros - Ligação Família X Transação;Registros - Relación Familia X Transacción
E012LFE;Cadastros - Ligação Família X Estágios Produção;Maestros - Conexión Familia X Etapas Producción
E012LFF;Cadastros - Ligação Faixas da Grade X Famílias;Maestros - Conexión Rangos de la Rejilla x Familias
E012MNF;Cadastros - Minifábricas;Maestros - Minifábricas
E012RAT;Cadastros - Famílias - Rateios;Maestros - Familias - Prorrateos
E013AGP;Cadastros - Formas de Agrupamento para Produtos;Maestros - Formas de Agrupamiento para Productos
E013RAT;Cadastros - Formas de Agrupamento para Produtos - Rateios;Maestros - Formas de Agrupamiento para Productos - Prorrateos
E014CCC;Tabelas - Características de Clientes/Fornecedores - Componentes;Tablas - Características de Clientes/Proveedores - Componentes
E014CCL;Tabelas - Características de Clientes/Fornecedores;Tablas - Características de Clientes/Proveedores
E015EME;Cadastros - Exclusões de Unidades de Medida;Registros - Exclusiones de Unidades de Medida 
E015MED;Cadastros - Unidades de Medida;Maestros - Unidades de Medida
E015TCU;Cadastros - Unidades de Medida - Conversões;Maestros - Unidades de Medida - Conversiones
E016APV;Tabelas - Aplicações de vendas;Tablas - Aplicaciones de ventas
E016PVP;Tabelas - Períodos de  Produção/Vendas;Tablas - Períodos de Producción/Ventas 
E017DRL;Tabelas - Configuração de leiaute do Recebimento Eletrônico - Campos;Tablas - Configuración de diseño del Recibimiento Electrónico - Campos
E017LRE;Tabelas - Configuração de leiaute do Recebimento Eletrônico;Tablas - Configuración de diseño de Recibimiento Electrónico
E017REL;Tabelas - Configuração de leiaute do Recebimento Eletrônico - Registros;Tablas - Configuración de diseño de Recibimiento Electrónico - Registros
E017RVE;Tabelas - Regiões de Venda;Tablas - Regiones de Venta
E018LMN;Motivos de Parada - Ligação com Equipamento e Serviço de Manutenção;Motivos de Parada - Relación con Equipamiento y Servicio de Mantenimiento
E018MTV;Tabelas - Motivos de Parada de Recurso/Equipamento;Tablas - Motivos de Parada de Recurso/Equipamiento
E019ALE;Alíquota de partilha de ICMS para venda não presencial entre estados;Alícuota de intercambio de ICMS* para venta no presencial entre estados
E019ANP;Cadastros - Produtos - Código ANP;Registros - Productos - Código ANP
E019ICM;Tabelas - ICMS Especial - Por Estado;Tablas - IVA Especial - Por Estado
E019RED;Tabelas - Redução de Impostos - Por Estado;Tablas - Reducción de Impuestos - Por Estado
E019RET;Tabelas - Controle de Retenção de Impostos;Tablas - Control de Retención de Impuestos
E019SUB;Tabelas - Substituição de ICMS -  Por Estado;Tablas - Substitución del IVA - Por Estado
E019TIC;Tabelas - ICMS Especial;Tablas - IVA Especial
E019TIM;Cadastros - Tabela de partilha ICMS Monofásico;Inscripciones - Mesa de reparto ICMS monofásico
E019TRD;Tabelas - Redução de Impostos;Tablas - Reducción de Impuestos 
E019TST;Tabelas - Substituição de ICMS;Tablas - Substitución del IVA
E019VST;Tabelas - Substituições de impostos - Validades;Tablas - Substituciones de impuestos - Validades
E020AID;Tabelas - Séries de Notas Fiscais - Autorização para Impressão de Documentos Fiscais;Tablas - Series de Facturas - Autorización para Impresión de Documentos Fiscales
E020MSL;Cadastros - Movimentação dos Selos de IPI;Registro - Mover de los Sellos de IPI
E020PAR;Tabelas - Séries de Notas Fiscais - Parcelas;Tablas - Series de Facturas - Cuotas
E020RJE;Cadastros - Relacionamento série do ERP X JDE;Registros - Relaciones serie del ERP X JDE
E020SCO;Cadastros - Relacionamento entre série origem e destino;Registros - Relación entre serie origen y destino
E020SEL;Cadastros - Controle dos Selos de IPI;Registros - Control de los Sellos de IPI
E020SNF;Tabelas - Séries de Notas Fiscais;Tablas - Series de Facturas
E021FCO;Tabelas - Formas de Correspondência;Tablas - Formas de Correspondencia
E021LMS;Tabelas - Liga Motivos e Aplicações a Possíveis Soluções;Tablas - Relaciona Motivos y Aplicaciones a Posibles Soluciones
E021MOT;Tabelas - Motivos das Situações das Tabelas;Tablas - Motivos de las Situaciones de las Tablas
E021SLC;Tabelas - Possíveis Soluções Para Motivos Diversos;Tablas - Posibles Soluciones Para Motivos Diversos
E022CLF;Tabelas - Classificações Fiscais;Tablas - Clasificaciones Fiscales
E022NBS;Cadastro da nomenclatura brasileira de serviços - NBS;Registro de la nomenclatura brasileña de servicios - NBS
E022VCL;Tabelas - Alterações de Classificações Fiscais;Tablas - Alteraciones de Clasificaciones Fiscales
E023AXG;Cadastros - Finanças - Contas a Pagar/Receber - Grupos de Contas desconsiderados para Ajustes Financeiros;Registros - Finanzas - Cuentas a Pagar/Recibir - Grupos de Cuentas desconsiderados para Ajustes Financieros
E023CRP;Tabelas - Grupos de Contas a Receber ou Pagar;Tablas - Grupos de Cuentas a Recibir o Pagar
E023HRP;Tabelas - Grupos de Contas a Receber ou Pagar - Contas por Empresa;Tablas - Grupos de Cuentas a Recibir o Pagar - Cuentas por Empresa
E023RAT;Tabelas - Grupos de Contas a Receber ou Pagar - Rateios;Tablas - Grupos de Cuentas a Recibir o Pagar - Prorrateos
E024MSD;Tabelas - Mensagens para Nota Fiscal de Saída e Contrato de Venda - Campos dinâmicos;Tablas - Mensajes para Factura de Salida y contrato de Venta - Campos dinámicos
E024MSG;Tabelas - Mensagens para Nota Fiscal de Saída e Contrato de Venda;Tablas - Mensajes CF
E025FER;Tabelas - Feriados Nacionais;Tablas - Feriados Nacionales
E026ERA;Tabelas - Exclusões de Ramos de Atividade;Tablas - Exclusiones de Rubros de Actividad
E026RAM;Tabelas - Ramos de Atividade;Tablas - Rubros de Actividad
E027BNF;Tabelas - Situações Tributárias X Dispositivo Fiscal;Tablas - Situaciones Tributarias X Dispositivo Fiscal
E027EQI;Enquadramento do IPI;Encuadramiento de IPI
E027LSF;Ligação entre situação/classificação tributária do CBS/IBS e NCM;Conexión entre situación/clasificación tributaria del CBS/IBS y NCM
E027SCR;Cadastro da situação e classificação tributária do CBS/IBS (cClassTrib);Registro de la situación y clasificación tributaria del CBS/IBS (cClassTrib)
E027STR;Tabelas - Situações Tributárias;Tablas - Situaciones Tributaria
E028CPG;Tabelas - Condição de Pagamento;Tablas - Condición de Pago
E028ECP;Tabelas - Exclusões de Condições de Pagamento;Tablas - Exclusiones de Condiciones de Pago
E028ICP;Tabelas - Condição de Pagamento - Parcelas;Tablas - Condición de Pago - Cuotas
E028LIP;Tabelas - Listas de Preço;Tablas - Lista de Precio
E028LJP;Tabelas - Integrações - Ligações de Perfil de Usuário com Tabela de Juros;Tablas - Integraciones - Relaciones de Perfil de Usuario con Tabla de Intereses
E028NCP;Tabelas - Condição de Pagamento - Controle Alteração Automática;Tablas - Condición de Pago - Control Alteración Automática
E028OAT;Tabelas - Integrações - Ordem de Aplicação da Tabela de Juros;Tablas - Integraciones - Orden de Aplicación de la Tabla de Intereses
E028TJU;Tabelas - Integrações - Tabela de Juros;Informaciones - Clientes - Informaciones de Cooperado
E028VAR;Integrações - Varejo - Parâmetros da Condição de Pagamento;Integraciones - Al Detalle - Parámetros de la Condición de Pago
E029MPT;Tabelas - Motivos de Prorrogação de Títulos;Tablas - Motivos de Prorrogación de Títulos
E030AGE;Cadastros - Bancos - Agências;Maestros - Bancos - Agencias
E030BAN;Cadastros - Bancos;Maestros - Bancos
E030CBC;Tabelas - Bancos - Cidades atendidas;Tablas - Bancos - Ciudades atendidas
E030CCB;Cadastros - Bancos - Configurações Correspondente Bancário;Registros- Bancos - Configuraciones Correspondiente Bancario
E030CRC;Tabelas - Bancos - Carteiras de Cobrança;Tablas - Bancos - Carteras de Cobro
E030ETC;Tabelas - Bancos - Espécies de Título;Tablas - Bancos - Especies de Título
E030IBC;Tabelas - Bancos - Instruções Bancárias;Tablas - Bancos - Instrucciones Bancarias
E030NPF;Tabelas - Natureza Operação Pendências Financeiras;Tablas - Naturaleza Operación Pendencias Financieras
E030ORM;Tabelas - Bancos - Ocorrências de Remessa;Tablas - Bancos - Sucesos de Remesa
E030ORP;Tabelas - Bancos - Ocorrências de Retorno do PE (Pagamento Eletrônico);Tablas - Bancos Sucesos de Regreso del PE (Pago Electrónico)
E030ORT;Tabelas - Bancos - Ocorrências de Retorno;Tablas - Bancos - Sucesos de Regreso
E030OTP;Tabelas - Bancos - Tipos de Pagamentos;Tablas - Bancos - Tipos de Pagos
E030PCB;Cadastros - Bancos - Produtos Corresp.Bancário;Registros - Bancos - Productos Corresp. Bancario
E030SUP;Cadastros - Bancos - Superintendências;Maestros - Bancos - Superintendencias
E030TBB;Tabelas - Bancos - Tarifas;Tablas - Bancos - Aranceles
E030TBE;Tabelas - Tarifas Bancárias - Empresa;Tablas - Tasas Bancarias - Empresa
E030TMB;Tabelas - Bancos - Tabelas de Moeda;Tablas - Bancos - Tablas de Moneda
E030TRB;Tabelas - Tarifas Bancárias;Tablas - Tasas Bancarias C131
E030TTB;Tabelas - Bancos - Tipos de Tributos;Tablas - Bancos - Tipos de Tributos
E031AJF;Cadastros - Finanças - Contas a Pagar/Receber - Modeas desconsiderados para Ajustes Financeiros;Registros - Finanzas - Cuentas a Pagar/Recibir - Monedas desconsideradas para Ajustes Financieros
E031IME;Tabelas - Moedas - Índices por Data (Especial);Tablas - Monedas - Índices por Fecha (Especial)
E031IMH;Tabelas - Moedas - Índices por Hora;Tablas - Monedas - Índices por Hora
E031IMO;Tabelas - Moedas - Índices por Data;Tablas - Monedas - Índices por Fecha
E031MOE;Tabelas - Moedas;Tablas - Monedas
E031SMO;Tabelas - Séries Cotações Moedas;Tabelas - Series Cotizaciones Monedas
E031VMM;Tabelas - Moedas - Valorização Multimoeda;Tablas - Monedas - Valorización Multi - Moneda
E032EDC;Tabelas - Modelos de Documento;Tablas - Modelos de Documento
E032FIN;Cadastros - Financeiras;Registros - Financieras
E032MRF;Cadastros - Financeiras - Motivos de retorno;Registro - Financieras - Motivos de retorno
E032TFI;Cadastros - Financeiras - Tabelas de Financiamento;Registros- Financieros - Tablas de Financiación
E032TFJ;Cadastros - Financeiras - Juros por Parcelas de Financiamento;Registros - Financieros - Intereses por Cuotas de Financiamiento
E032TPC;Cadastros - Financeiras - Financiamento Definido por Parcelas e Dias de Carência;Registros - Financieras - Financiamiento Definido por Parcelas y Días de Carencia
E033CRT;Tabelas - Carteiras de Cobrança Internas;Tablas - Carteras de Cobro Internos
E034ETC;Tabelas - Eventos;Tablas - Eventos
E034TCC;Tabelas - Tipos de Contas;Tablas - Tipos de Cuentas
E034TXE;Tabelas - Tipos de Contas X  Eventos;Tablas - Tipos de Cuentas X  Eventos
E035OCR;Tabelas - Ocorrências Internas de Remessa;Tablas - Sucesos internos de Remesa
E035OCT;Tabelas - Ocorrências Internas de Retorno;Tablas - Sucesos internos de Regreso
E035OCV;Tabelas - Ocorrências Internas de Retorno - Empresa;Tablas - Sucesos internos de Regreso - Empresa
E035OPE;Tabelas - Ocorrências Internas de Retorno do PE (Pagamento Eletrônico);Tablas - Sucesos internos de Regreso del PE (Pago Electrónico)
E035REL;Tabelas - Relacionamento de instruções;Tablas - Relación de instrucciones
E036INS;Tabelas - Instruções Bancárias Internas;Tablas - Instrucciones Bancarias internas
E037DSV;Tabelas - Definições para Sugestão de Valores;Tablas - Definiciones para Sugerencia de Valores
E037FRJ;Tabelas - Fórmulas de Reajustes;Tablas - Fórmulas de Reajustes
E037HVD;Tabelas - Histórico de Valores por Definições;Tablas - Histórico de Valores por Definiciones
E037TDC;Tabelas - Taxa por Dias a Compensar;Tablas - Tasas por Días a Compensar
E037VDS;Tabelas - Valores por Definições;Tablas - Valores por Definiciones
E038ACO;Cadastros - Ações Corretivas;Registros - Acciones Correctivas 
E039EPO;Cadastros - Exclusões de Portadores;Registros - Exclusiones de Portadores 
E039HPO;Cadastros - Portadores - Históricos;Maestros - Portadores - Históricos
E039POR;Cadastros - Portadores;Maestros - Portadores
E039RAT;Cadastros - Portadores - Rateios;Maestros - Portadores - Prorrateos
E040FIR;Tabelas - Tabelas IRRF - Faixas;Tablas - Tablas IRRF - Rangos
E040IRF;Tabelas - Tabelas IRRF;Tablas - Tablas IRRF
E041CEB;Tabelas - Critérios e Endereços de Busca para Formas de Contabilização;Tablas - Criterios y Direcciones de Búsqueda para las Formas de Contabilidad
E042CPD;Tabelas - Contas Contábeis Padrões;Tablas - Cuentas Contables Estándares
E043CMP;Tabelas - Modelos de Planos - Controle Processo Validade Modelo de Plano;Tablas - Modelos de Planes - Control Proceso Validez Modelo de Plano
E043LPD;Tabelas - Modelos de Planos - Ligação Plano Empresa X Município;Tablas - Modelos de Planes - Relación Plan Empresa X Municipio
E043MDP;Controladoria - Gestão de Contabilidade - Transferência de Saldos de Plano de Contas Anterior;Contraloría - Gestión de Contabilidad - Transferencia de Saldos de Plan de Cuentas Anterior
E043MMP;Tabelas - Modelos de Planos - Máscaras das Classificações;Tablas - Modelos de Planes - Máscaras  de las Clasificaciones
E043MPC;Tabelas - Modelos de Planos;Tablas - Modelos de Planes
E043PCM;Tabelas - Modelos de Planos - Contas ou Centros de Custos;Tablas - Modelos de Planes - Cuentas o Centros de Costos
E043PPC;Controladoria - Percentual Plano de Contas Referencial;Controladoria - Porcentual Plan de Cuentas Referencial
E043RMP;Tabelas - Modelos de Planos - Relacionamento entre Modelos de Planos (De/Para);Tablas - Modelos de Planes - Relación entre Modelos de Planes De/Para
E043VMP;Tabelas - Modelos de Planos - Períodos de Validade dos Modelos de Planos;Tablas - Modelos de Planes - Periodos de Validez de los Modelos de Planes
E044ACC;Agrupamentos de Centros de Custo;Agrupamiento de Centros de Costo
E044BLO;Tabelas - Bloqueio de Movimento de Estoque;Tablas - Bloqueo de Movimiento de Stock
E044CCU;Cadastros - Centros de Custos;Maestros - Centros de Costos
E044COM;Cadastros - Composição de Lançamentos;Registros - Composición de Asientos
E044DIS;Cadastros - Tabela de Distribuição de Custo;Registros - Tabla de Distribución de Costo
E044GEN;Cadastros - Tabela auxiliar genérica para composição de calculo de distribuição;Registros - Tabla auxiliar genérica para composición de calculo de distribución
E044ICF;Cadastros - Itens Matriz de Distribuição de Cultura em Formação;Registros - Ítems Matriz de Distribución de Cultura en Formación
E044IDC;Cadastros - Itens Matriz de Distribuição de Custos;Registros - Ítems Matriz de Distribución de Costos
E044IGF;Cadastros - Itens Matriz de Gastos por Filial;Registros - Ítems Matriz de Gastos por Sucursal
E044LOT;Cadastros - Lotes relacionados a distribuição de custo;Registros - Lotes relacionados a distribución de costo
E044MCD;Cadastros - Matriz de Distribuição de Custos;Registros - Matriz de Distribución de Costos
E044MCF;Cadastros - Matriz de Distribuição de Cultura em Formação;Registros - Matriz de Distribución de Cultura en Formación
E044MGF;Cadastros - Matriz de Distribuição de Gastos por Filial;Registros - Matriz de Distribución de Gastos por Sucursal
E044RAT;Cadastros - Centros de Custos - Rateios;Maestros - Centros de Costos - Prorrateos
E045AGL;Tabelas - Aglutinação Contábil;Tablas - Aglutinación Contable
E045CAG;Tabelas - Aglutinação Contábil - Composição;Tablas - Aglutinación Contable - Composición
E045CCC;Tabelas - Relacionamento entre Centro Custo/Conta Auxiliar X Conta Contábil X Critério;Tablas - Relación entre Centro Costo X Cuenta Contable X Criterio
E045CDI;Tabelas - Critério de Distribuição;Tablas - Criterios de Distribución
E045CSO;Tabelas - Plano Contábil - Eliminações Saldos p/ Consolidação;Tablas - Plan Contable - Eliminaciones Saldos para Consolidación
E045CSO_HIS;Tabelas - Histórico - Plano Contábil - Eliminações Saldos p/ Consolidação;Tablas - Histórico - Plan Contable - Eliminaciones Saldos para Consolidación
E045CXA;Tabelas - Plano Contábil - Relacionamento Contas X Cta. Auxiliar;Tablas - Plan Contable - Relación Cuentas X Cta. Auxiliar
E045CXC;Tabelas - Plano Contábil - Relacionamento Contas X Centro de Custos;Tablas - Plan Contable - Relación Cuentas X Centro de Costos Liberados
E045CXC_HIS;Tabelas - Histórico - Plano Contábil - Relacionamento Contas X Centro de Custos Liberados;Tablas - Históricos - Plan Contable - Relación Cuentas X Centro de Costos Liberados
E045DCR;Tabelas - Definição de Critério;Tablas - Definición de Criterio
E045PCA;Tabelas - Plano Composição Auxiliar - Contas;Tablas - Plan Composición Auxiliar - Cuentas
E045PLA;Tabelas - Plano Contábil - Contas;Tablas - Plan Contable - Cuentas
E045PLA_HIS;Tabelas - Histórico - Plano Contábil - Contas;Tablas - Histórico - Plan Contable - Cuentas
E045RAT;Tabelas - Plano Contábil - Rateios;Tablas - Plan Contable - Prorrateos
E045RAT_HIS;Tabelas - Histórico - Plano Contábil - Rateios;Tablas - Históricos - Plan Contable - Prorrateos
E045RCC;Tabelas - Plano Contábil - Relacionamento com Centros de  Custos;Tablas - Plan Contable - Relación con Centros de Costos
E046CMP;Tabelas - Visões Contábeis - Plano de Contas;Tablas - Visiones Contables - Plan de Cuentas
E046COL;Tabelas - Visões contábeis - Colunas;Tablas - Visiones Contables - Columnas
E046FAV;Tabelas - Faixa de Aglutinadores por visão.;Tabelas - Rango de Aglutinadores por visión.
E046GNE;Notas Explicativas - Grupos;Notas Explicativas - Grupos
E046HPD;Tabelas - Históricos Padrões;Tablas - Históricos Estándares
E046NEI;Notas Explicativas - Imagens;Notas Explicativas - Imágenes
E046NEX;Notas Explicativas - Notas;Notas Explicativas - Notas
E046PAR;Tabelas - Visões Contábeis - Parâmetros Processados;Tablas - Visiones Contables - Parámetros Procesados
E046PCP;Tabelas - Visões Contábeis - Parâmetros Processados - Detalhamento;Tablas - Visiones Contables - Parámetros Procesados - Detalles
E046PLA;Tabelas - Visões Contábeis - Plano de Contas;Tablas - Visiones Contables - Plan de Cuentas
E046RAT;Contábil - Lançamentos - Rateios;Contable - Asientos - Prorrateos
E046VAR;Tabelas - Visões Contábeis - Variáveis;Tablas - Visiones Contables - Variables
E046VIS;Tabelas - Visões Contábeis - Visão;Tablas - Visiones Contables - Visión
E046VNE;Tabelas - Visões Contábeis - Notas Explicativas;Tablas - Visiones Contable - Notas Explicativas
E047GNG;Tabelas - Naturezas de Gasto - Grupos;Tablas - Naturaleza de Gastos - Grupos
E047LMN;Tabelas - Naturezas de Gasto - Ligação Natureza de Gasto x Motivo;Tablas - Naturalezas de Gasto - Relación Naturaleza de Gasto x Motivo
E047NTG;Tabelas - Naturezas de Gasto;Tablas - Naturaleza de Gastos
E047RAT;Tabelas - Naturezas de Gasto - Rateios;Tablas - Naturaleza de Gastos - Prorrateos
E048FCT;Tabelas - Formas de Contabilização;Tablas - Maneras de Contabilidad
E048SFC;Tabelas - Formas de Contabilização - Itens;Tablas - Maneras de Contabilidad - Ítems
E049AIR;Tabelas - Tributos - Alíquotas de Tributos Retidos;Tablas - Tributos - Alícuotas de Tributos Retenidos
E049ALT;Tabelas - Aplicações das Listas Dinâmicas;Tablas - Aplicaciones de las Listas Dinámicas
E049DEC;Tabelas - Declarações;Tablas - Declaraciones
E049DRE;Tabelas - Definição do Registro;Tablas - Definición del Registro
E049ILT;Tabelas - Itens das Listas Dinâmicas;Tablas - Ítems de las Listas Dinámicas
E049LLT;Tabelas - Ligações de Listas Dinâmicas;Tablas - Relaciones de Listas Dinámicas
E049LST;Tabelas - Listas Dinâmicas;Tablas - Listas Dinámicas
E049REG;Tabelas - Registro;Tablas - Registro
E049SQL;Configurador de SQL;Configurador de SQL
E049TTR;Tabelas - Tributos - Tabela de Tributação;Tablas - Tributos - Tabla de Tributación 
E050CTD;Cadastros - Tributos - Código tributação da DESIF;Registros - Tributos - Código tributación de la DESIF*
E050DCM;Cadastros - Tributos - Desdobramento da conta mista;Registros - Tributos - Desdoblamiento de la cuenta mixta
E050EQF;Tabelas - Impostos - Equipamentos Fiscais;Tablas - Impuestos - Equipos Fiscales
E050ICB;Composição para estorno dos créditos ICMS Monofásico;Composición por reversión de créditos ICMS monofásicos
E050PAC;Tabelas - Tributos - Controle de produção de usina;Tablas - Impuestos - Control de producción de usina
E050PRO;Tabelas - Tributos - Controle de produção de usina - Produto;Tablas - Tributos - Control de producción de usina - Producto
E050TAR;Cadastros - Tributos - Tarifas bancárias;Registros - Tributos - Tarifas bancarias
E050TNS;Tabelas - Tributos - Controle de produção de usina - Transação;Tablas - Tributos - Control de producción de usina - Transacción
E051CBS;Cadastro de alíquotas do CBS;Registro de alícuotas del CBS
E051DCG;Cadastro da Distribuição de Compra Governamental;Registro de la Distribución de Compra Gubernamental
E051DIS;Tabelas - Impostos - Dispositivos Fiscais;Tablas - Impuestos - Dispositivos Fiscales
E051FCI;Cadastro de Aplicação da CBS/IBS;Registro de Aplicación del CBS/IBS
E051GUI;Tabelas - Impostos - Guias de Recolhimento;Tablas - Impuestos - Guías de Recogimiento
E051HAC;Histórico de alterações dos cadastros da Reforma Tributária;Historial de cambios de los registros de la Reforma Tributaria
E051IBM;Cadastro de alíquotas do IBS do Município;Registro de alícuotas del IBS del Municipio
E051IBU;Cadastro de alíquotas do IBS da UF;Registro de alícuotas del IBS de la UF
E051IMP;Tabelas - Impostos - Tabela de Impostos;Tablas - Impuestos - Tablas de Impuestos
E051PCI;Cadastro do Crédito Presumido da CBS/IBS;Registro del Crédito Presumido del CBS/IBS
E051PIV;Cadastros - Tributos - Partilha do ISS por vigência;Matrículas - Impuestos - ISS compartida por vigencia
E051RCG;Cadastro do Redutor de Compra Governamental;Registro del Reductor de Compra Gubernamental
E051RNF;Tabelas - Impostos - Dispositivos Fiscais - Reinf;Tablas - Impuestos - Dispositivos Fiscales - Reinf
E051SUS;Tabelas - Impostos - Suspensão de Exigibilidade;Tablas - Impuestos - Suspensión de Exigibilidad
E052ACO;Cadastros - Ações;Maestros - Acciones
E053FFB;Tabelas - Impostos - Parâmetros Formação Faturamento Bruto Mês;Tablas - Impuestos - Parámetros Formación Facturación Bruto Mes 
E053FIR;Cadastros - Tributos - Formação Faturamento IRPJ e CSLL;Registros - Tributos - Formación Facturación IRPJ e CSLL
E054FFL;Tabelas - Impostos - Formação Faturamento Líquido Mês;Tablas - Impuestos - Formación Facturación Neto del mes
E054PFL;Tabelas - Impostos - Parâmetros Formação Faturamento Líquido Mês;Tablas - Impuestos - Parámetros Formación Facturación Neto del mes
E055AGR;Cadastros - Tributos - Parâmetros de Impostos por Família;Altas - Impuestos - Parámetros Fiscales por Familia
E055BNF;Cadastros - Tributos - Benefício fiscal;Registros - Tributos - Beneficio fiscal
E055CAT;Cadastros - Configurações Crédito Acumulado;Registros - Configuraciones Crédito Acumulado
E055CCP;Cadastros - Tributos - Parâmetro de Configuração da Contribuição Previdenciária;Registros - Tributos - Parámetro de Configuración de la Cotización a la Seguridad Social
E055CIU;Cadastros - Usuários - Cadastro Ligação da Apuração Imposto x Usuário;Registros - Usuarios - Registro Relación de la Evaluación Impuesto x Usuario
E055CLL;Cadastro - Tributos - Contas Lalur e Lacs;Registro - Tributos - Cuentas Lalur e Lacs
E055COM;Tabelas - Impostos - Composição Imposto;Tablas - Impuestos - Composición Impuesto
E055CPR;Cadastros - Tributos - Tabela de presunção por Competência;Registros - Tributos - Tabla de presunción por Competencia
E055CTB;Tabelas - Impostos - Parâmetro Contábil Formação Base Impostos;Tablas - Impuestos - Parámetros Contable Formación Base Impuestos
E055DDE;Combinações dos Detalhamentos das Receitas/Deduções e Exclusões PIS/COFINS;Combinaciones de los Detalles de los ingresos/Deducciones y Exclusiones PIS*/COFINS*
E055DEP;Tributos - Débitos Especiais;Tributos - Débitos Especiales
E055EST;Cadastros - Tributos - Parâmetros de Configuração do Estoque;Registros - Tributos - Parámetros de Configuración del Depósito
E055FAN;Tributos - Alíquota nominal e dedução por faixa de faturamento do simples;Tributos - Alícuota nominal y deducción por rango de facturación del simples
E055FCT;Cadastros - Configurações Crédito Acumulado - Filtro;Registros - Configuraciones Crédito Acumulado - Filtro
E055FHP;Cadastros - Histórico de alterações do produto/derivação por filial;Registros - Históricos de alteraciones del producto/derivación por sucursal
E055FHS;Cadastros - Histórico de alterações do serviço por filial;Registros - Históricos de alteraciones de servicio por sucursal
E055FIP;Tabelas - Impostos - Parâmetro Financeiro/Patrimônio Formação Base Impostos;Tablas - Impuestos - Parámetros Financiero/Patrimonio Formación Base Impuestos
E055FVB;Tabelas - Impostos - Parâmetro Formação Base Impostos;Tablas - Impuestos - Parámetro Formación Base Impuestos
E055HPF;Cadastros - Histórico de alterações do produto/derivação;Registros - Históricos de alteraciones de producto/derivación
E055HSF;Cadastros - Histórico de alterações do serviço;Registros - Histórico de alteraciones de servicio
E055ICM;Tributos - Parâmetros para geração da guia por código de arrecadação - ICMS;Tributos - Parámetros para generación de la pestaña por código de recaudación - IVA
E055IIF;Cadastros - Tributos - Parâmetros da apuração do ISS próprio das instituições financeiras;Registros - Tributos - Parámetros de la evaluación del ISS propio de las instituciones financieras
E055ILC;Cadastros > Tributos > Lista de código LLC 116/03 para apuração do ISS;Inscripciones > Impuestos > Lista de códigos LLC 116/03 para cálculo de ISS
E055IPI;Tributos - Parâmetros para geração da guia por código de arrecadação - IPI;Tributos - Parámetros para generación de la pestaña por código de recaudación - IPI
E055ISS;Impostos - Parâmetros por Cidade ISS do ISS Retido;Impuestos - Parámetros por Ciudad ISS* de ISS Retenido
E055LIG;Tabelas - Impostos - Ligação entre Impostos;Tablas - Impuestos - Conexión entre Impuestos
E055NRE;Tabelas - Reinf - Natureza de Rendimentos;Tablas - Reinf - Naturaleza de Rendimientos 
E055PAE;Cadastros - Tributos - Parametros da Apuração de Encerramento;Registros - Tributos - Parámetros de Apuración de Cierre
E055PAR;Tabelas - Impostos - Parâmetros dos Impostos por Filial;Tablas - Impuestos - Parámetros de los Impuestos por Sucursal 
E055PER;Cadastros - Tributos - Parâmetros das Exceções dos Impostos de Retenção;Registros - Tributos - Parámetros de las Excepciones de los Impuestos de Retención
E055PFA;Cadastros - Tributos - Forma de Apuração da Estimativa Mensal;Registros - Tributos - Forma de Cálculo de la Estimativa Mensual
E055PFT;Tabelas - Tributos - Perfil Tributário;Tablas - Tributos - Perfil Tributario
E055PSU;Cadastros - Tributos - Parâmetro de Configuração do Subsídio;Registro - Tributos - Parámetro de Configuración del Susidio
E055PTE;Cadastros - Tributos - Parâmetros das Transações de Exportação;Registros - Tributos - Parámetros de las Transacciones de Exportación
E055RCX;Cadastros - Tributos - Parâmetros regime de caixa / financeiro;Maestros - Tributos - Parámetros régimen de caja / financiero
E055RDE;Detalhamento das Receitas/Deduções e Exclusões PIS/COFINS;Detalle de los ingresos/Deducciones y Exclusiones PIS*/COFINS*
E055SPC;Tabelas - Impostos - Parâmetro Contribuição SPED Pis/Cofins;Tablas - Impuestos - Parámetro Contribución SPED Timbre/Cenicana
E055SUB;Tabelas - Impostos - Parâmetro por Estado para Substituição Tributária;Tablas - Impuestos - Parámetro por Estado para Sustitución Tributaria
E055TAN;Tributos - Alíquota nominal do simples por estado;Tributos - Alícuota nominal del simples por estado
E055TPR;Cadastros - Tributos - Tabela de Presunção;Registros - Tributos - Tabla de Presunción
E056DES;Cadastros - Motivos de Desconto;Registros - Motivos de Descuento 
E056IMO;Cadastros - Tributos - Unidade Imobiliária;Registros - Tributos - Unidad Inmobiliaria
E057ENV;Cadastros - Exclusões de Motivos de Não Venda;Registros - Exclusiones de Motivos de No Venta 
E057NVE;Cadastros - Motivos de Não Venda;Maestros - Motivos de No Venta
E058CON;Cadastros - Concorrentes;Maestros - Rivales (competidores)
E059AGE;Tabelas - Agrupamentos para Embalagens;Tablas - Agrupamientos para Empaques
E059CON;Tabelas - Conteúdo das Embalagens;Tablas - Contenido de los Empaques
E059EMB;Tabelas - Tipos de Embalagens;Tablas - Tipos de Empaques
E059HIE;Tabelas - Agrupamentos para Embalagens;Tablas - Agrupamientos para Empaques
E059LEP;Tabelas - Tipos de Embalagens - Ligação Embalagens como Produto;Tablas - Tipos de Empaques - Conexión Empaques como Producto
E059LPE;Tabelas - Ligação Produtos x Embalagens;Tablas - Relación Productos x Empaques
E059LPV;Tabelas - Ligação Produtos x Volumes;Tablas - Relación Productos x Volúmenes
E059SIT;Tabelas - Situações da Embalagem;Tablas - Situaciones de embalaje
E059TVE;Tabelas - Tipos de Volume (Embalagens);Tablas - Tipos de Volumen (Empaques)
E059TVL;Tabelas - Tipos de Volume;Tablas - Tipos de Volumen
E060TAS;Tabelas - Tabela de Assuntos;Tablas - Tabla de Asuntos
E061ARI;Tabelas - Tabela de Áreas de Interesse;Tablas - Tablas de Áreas de Interés
E062DIA;Tabelas - Dias de saída para a Rota de Entrega;Tablas - Días de salida para la Ruta de Entrega
E062EDI;Tabelas - Exclusões de Dias de saída para a Rota de Entrega;Tablas - Exclusiones de Días de salida para la Ruta de Entrega 
E062ERO;Tabelas - Exclusões de Rotas ou Localidades de Entrega;Tablas - Exclusiones de Rutas o Localidades de Entrega 
E062LOC;Tabelas - Locais de Entrega;Tablas - Locales de Entrega 
E062RET;Tabelas - Localidades de Retirada;Tablas - Localidades de Retirada
E062ROE;Tabelas - Rotas ou Localidades de Entrega;Tablas - Rutas o Localidades de Entrega 
E062SRO;Tabelas - Sub Rotas;Tablas - Sub Rutas
E063BAL;Tabelas - Cadastros - Balança de pesagem.;Tablas - Registros - Balanza de peso.
E063BAO;Cadastro de Vínculo de Balança X Operação X Câmera X Finalidade.;Registro de Vínculo de Balanza X Operación X Camera X Finalidad.
E063CAM;Tabelas - Cadastros - Câmera de Pesagem de Carga.;Tablas - Registros - Camera de Peso de Carga.
E063FOT;Tabelas - Cadastros - Fotos.;Tablas - Registros - Fotos.
E063PAL;Cadastros - Palmtop;Maestros -  Palmtop
E063TIF;Tabelas - Vínculo - Ticket de Pesagem x Fotos.;Tablas - Vinculo - Ticket de Peso x Fotos
E064AUV;Cadastros - Auxiliares de Vendas;Maestros - Auxiliares de Ventas
E064CAT;Tabelas - Categorias para Clientes;Tablas - Categorías para Clientes
E064CDI;Tabelas - Canais de Distribuição;Tablas - Canales de Distribución
E064SEG;Cadastros - Segmentos e Cadastro CNAE;Maestros - Segmentos y Registro CNAE
E065AVL;Cadastros - Agenda de Visitas/Ligações;Maestros - Agenda de Visitas/ Llamadas
E066CAR;Integrações - Varejo - Cartão Presente;Integraciones - Al Detalle - Tarjeta Regalo
E066DVP;Integrações - Varejo - Desconto por valor de parcela;Integraciones - Minorista - Descuento por valor de cuota
E066EFP;Tabelas - Exclusões de Formas de Pagamento;Tablas - Exclusiones de Maneras de Pago
E066FOT;Cadastros - Filiais de Operadoras de Telefonia;Registros - Sucursales de Operadoras de Telefonía
E066FPG;Tabelas - Formas de Pagamento;Tablas - Formas de Pago 
E066LCP;Integrações - Varejo - Ligação Forma x Condição;Integraciones - Ventas al detal - Relación Forma x Condición
E066OPE;Cadastros - Operadoras Cartões de Débito/Crédito;Maestros - Operadoras Tarjetas de Débito/Crédito
E066OPP;Cadastros - Ocorrências Retorno Operadoras Cartões;Registros - Incidentes Retorno Operadoras Tarjetas
E066OTE;Cadastros - Operadoras de Telefonia;Registros - Operadoras de Telefonía
E066TOC;Cadastros - Taxas de Operadoras de Cartão de Débito/Crédito;Registros - Tasas de Operadoras de Tarjeta de Débito/Crédito
E066VAR;Integrações - Varejo - Parâmetros da Forma de Pagamento;Integraciones - Al Detalle - Parámetros de la Forma de Pago
E067CPR;Tabelas - Integrações - Cartão Presente;Tablas - Integraciones - Tarjeta Regalo
E067FIN;Tabelas - Finalidade de compra e venda;Tablas - Finalidad de compra y venta
E067HCP;Tabelas - Integrações - Histórico Cartão Presente;Tablas - Integraciones - Histórico Tarjeta Regalo
E067TDV;Tabelas - Tipos de Devolução;Tablas - Tipos de Devolución
E068CNA;Tabelas - Centros de Custos por Usuário e Nível de Aprovação;Tablas - Centro de Costos por Usuarios y Nivel de Aprobación
E068NAP;Tabelas - Níveis de Aprovação;Tablas - Niveles de Aprobación
E068RNA;Tabelas - Rotinas para Controle de Níveis de Aprovação;Tablas - Rutinas para Control de Niveles de Aprobación
E068UNA;Tabelas - Usuários por Nível de Aprovação;Tablas - Usuarios por Nivel de Aprobación
E068USI;Tabelas - Usuários Substituídos na Aprovação Multinível;Tablas - Usuarios Sustituidos en la Aprobación Multinivel
E068UST;Tabelas - Usuários de Substituição da Aprovação Multinível;Tablas - Usuarios de Sustitución de la Aprobación Multinivel
E068VAM;Tabelas - Valores para aprovação multinível;Tablas - Valores para aprobación multinivel
E069CCS;Tabelas - Seguros - Coberturas de seguro;Tablas - Seguros - Coberturas de seguro
E069CMC;Convênios - Movimentos de Conta Convênio;Convenios - Movimientos de Cuenta Convenio
E069CNP;Cadastros - Convênios - Períodos de Crédito;Registros - Convenios - Períodos de Crédito
E069CNV;Cadastros - Convênios;Maestros - Convenios
E069CPC;Tabelas - Seguros - Coeficientes por plano e cobertura;Tablas - Seguros - Coeficientes por plano y cobertura
E069CSE;Tabelas - Seguros - Cadastro de seguro;Tablas - Seguros - Registro de seguro
E069CXC;Cadastros - Convênios - Convênios x Condições de Pagamento;Registros - Convenios - Convenios x Condiciones de Pago
E069CXF;Cadastros - Convênios - Convênios x Formas de Pagamento;Registros - Convenios - Convenios x Formas de Pago
E069CXG;Tabelas - Convênios X Grupos;Tablas - Convenios X Grupos
E069FAS;Tabelas - Seguros - Faixas de aplicação do seguro;Tablas - Seguros - Rangos de aplicación del seguro
E069FIL;Tabelas - Convênios - Ligação Convênio x Filial;Tablas - Convenios - Relación Convenio x Sucursal
E069GPS;Tabelas - Convênios - Grupo de Produtos e Serviços;Tablas - Convenios - Grupo de Productos y Servicios 
E069GRE;Cadastros - Grupos de Empresas;Maestros - Grupos de Empresas
E069HGR;Cadastros - Grupos de Empresas - Históricos;Maestros - Grupos de Empresas - Históricos
E069IGR;Tabelas - Convênios - Itens de Grupo de Produto/Serviço;Tablas - Convenios - Elementos de Grupo de Producto/Servicio
E069LPV;Cadastros - Convênios - Ligações Convênio x Produto;Registros - Convenios - Relaciones Convenio x Producto
E069MAS;Cadastros - Seguradoras - Máscaras de Apólice;Registros - Aseguradoras - Máscaras de Póliza
E069NSA;Cadastros - Seguradoras - Reinícios do Número Sequencial da Apólice;Registros - Aseguradoras - Reinicios del Número Secuencial de la Póliza
E069PSE;Tabelas - Seguros - Planos de seguro;Tablas - Seguros - Planos de seguro
E069SEG;Cadastros - Seguradoras;Registros - Aseguradoras
E069TCV;Cadastros - Tipos de Convênio;Registros - Tipos de Convenio
E070AFI;Cadastros - Filiais - Agrupamento de Filiais;Maestros - Sucursales - Agrupamiento de Sucursales
E070CDE;Cadastros - Filiais - Dependências;Inscripciones - Sucursales - Dependencias
E070CFC;Cadastros - Filiais - Classificações Filiais para Análise de Crédito;Registros - Sucursales - Clasificaciones Sucursales para Análisis de Crédito
E070CFE;Cadastros - Empresas - Cadastro no financiador externo;Registros - Empresas - Registro en el Financiador externo
E070CFO;Tabelas - Integrações - Tabela comparação operação integração - CFOP / Transação ERP;Tablas - Integraciones - Tabla comparación operación integración - CFOP* / Transacción ERP
E070CPD;Cadastros - Filiais - Paralisação da dependência comunicada ao BACEN;Inscripciones - Sucursales - Suspensión de dependencia comunicada al BACEN
E070CPR;Cadastros - Filiais - Parâmetros Compras;Maestros - Sucursales - Parámetros Compras
E070CRE;Parâmetros do Recebimento Eletrônico - Grupos de Campos - Campos;Parámetros de Recibimiento Electrónico - Grupos de Campos - Campos
E070CTB;Cadastros - Filiais - Parâmetros Contabilidade;Maestros - Sucursales - Parámetros Contabilidad
E070ECC;Cadastros - Empresas - Cota Capital;Registros - Empresas - Cuota Capital
E070ECN;Cadastros - Empresas - Definições das consistências habilitadas para a empresa;Registros - Empresas - Definiciones de las consistencias habilitadas para la empresa
E070ECT;Cadastros - Empresas - Parâmetros Contabilidade;Maestros - Empresas - Parámetros Contabilidad
E070EEM;Cadastros - Exclusões de Empresas;Maestros - Exclusiones de Empresas
E070EFI;Cadastros - Exclusões de Filiais;Maestros - Exclusiones de Sucursales
E070EFN;Cadastros - Empresas - Parâmetros Financeiros;Registros - Empresas - Parámetros Financieros
E070EMP;Cadastros - Empresas;Maestros - Empresas
E070ENT;Cadastros - Empresas - Endereços de Entrega;Registros - Empresas - Direcciones de Entrega
E070EPF;Cadastros - Empresas - Parâmetros Fiscais;Registros - Empresas - Parámetros Fiscales
E070EPR;Cadastros - Empresas - Parâmetros para Manufatura e Serviços;Registros - Empresas - Parámetros para Manufactura y Servicios
E070EPT;Cadastros - Empresas - Parâmetros Patrimônio;Maestros - Empresas - Parámetros Patrimonio
E070EST;Cadastros - Filiais - Parâmetros Estoques;Maestros - Sucursales - Parámetros Stocks
E070FAF;Cadastros - Filiais - Filiais atendidas pela filial de assistência técnica;Registros - Sucursales - Sucursales atendidas por la sucursal de asistencia técnica
E070FAG;Filial - Parâmetros para Assistência Técnica e Garantia;Sucursal - Parámetros para Asistencia Técnica y Garantía
E070FAM;Cadastros - Filiais - Parâmetros por Família;Maestros - Sucursales - Parámetros por Familia
E070FCF;Cadastros - Filiais - Fases de Classificação Filiais para Crédito;Registros - Sucursales - Fases de Clasificación Sucursales para Crédito
E070FCP;Cadastros - Filiais - Parâmetros Contas a Pagar;Registros - Sucursales - Parámetros Cuentas a Pagar
E070FFE;Cadastros - Filiais - Cadastro no Financiador Externo;Registros - Sucursales - Registro en el Financiador Externo
E070FIL;Cadastros - Filiais;Maestros - Sucursales
E070FIN;Cadastros - Filiais - Parâmetros Financeiros;Registros - Sucursales - Parámetros Financieros
E070FPR;Cadastros - Filiais - Parâmetros para Manufatura e Serviços;Registros - Filiales - Parámetros para Manufactura y Servicios
E070FRE;Cadastros - Filiais - Parâmetros Gestão Contas a Receber;Registros - Sucursales - Parámetros Gestión Cuentas a Recibir
E070FTR;Cadastros - Filiais - Parâmetros Transporte;Maestros - Sucursales - Parámetros Transporte
E070FXP;Cadastros - Filiais - Produtos não Permitidos;Registros - Sucursales - Productos no Permitidos
E070FXT;Cadastros - Filiais - Ligação Filial X Transação;Registros - Sucursales - Relación Sucursal X Transacción
E070GRE;Parâmetros do Recebimento Eletrônico - Grupos de Campos;Parámetros de Recibimiento Electrónico - Grupos de Campos
E070IMP;Cadastros - Filiais - Parâmetros Tributos;Maestros - Sucursales - Parámetros Impuestos
E070INS;Cadastros - Filiais - ICMS Simples Nacional;Registros - Sucursales - ICMS Simples Nacional
E070INT;Cadastros - Filiais - Parâmetros Integrações;Maestros - Sucursales - Parámetros Integraciones
E070IRE;Parâmetros do Recebimento Eletrônico - Itens;Parámetros de Recibimiento Electrónico - Elementos
E070LAE;Cadastros - Filiais - Cadastro no Autenticador de Crédito;Registros - Sucursales - Registro en el Autenticador de Crédito
E070LAM;Cadastros - Empresas - Cadastro no Autenticador de Crédito;Registros - Empresas Registros - Empresas - Registro en el Autenticador de Crédito
E070LCF;Cadastros - Filiais - Ligação de Classificação Filiais X Fases;Registros - Sucursales - Relación de Clasificación Sucursales X Fases
E070LGF;Cadastros - Filiais - Cadastro na Financeira;Registros - Sucursales - Registro en la Financiera
E070MCF;Cadastros - Filiais - Movimento de Compra por Competência;Registros - Sucursales - Movimiento de Compra por Período
E070ONF;Integrações - Varejo - Operações de nota fiscal;Integraciones - Minorista - Operaciones de factura
E070OPN;Tabelas - Integrações - Operações de nota fiscal do sistema a integrar;Tablas - Integraciones - Operaciones de factura del sistema a integrar
E070PAT;Cadastros - Filiais - Parâmetros Patrimônio;Maestros Sucursales - Parámetros Patrimonio
E070PDE;Cadastros - Filiais - Data paralisação da filial comunicada ao BACEN;Registros - Sucursales - Fecha paralización de la sucursal comunicada al BACEN*
E070PDV;Tabelas - Varejo - PDVS;Tablas - Ventas al Por Menor- PDVS
E070PEE;Ligação de produtos ou serviços por estado - Operações de entrada;Relación de productos o servicios por estado - Operaciones de entrada
E070PFO;Cadastros - Filiais - Períodos de fechamento por Origem;Maestros - Sucursales - Períodos de Cierre por Origen
E070PGE;Cadastros - Empresas - Parâmetros Gerais;Registros - Empresas - Parámetros Generales
E070PRE;Cadastros - Mercado e Suprimentos - Parâmetros do Recebimento Eletrônico;Registros - Mercado y Suministros - Parámetros de Recibimiento Electrónico
E070PRF;Cadastros - Empresa - Tributos - Período do Refis;Registros - Empresa - Tributos - Período de Refis
E070PRJ;Cadastros - Filiais - Parâmetros do Controle de Projetos;Registros - Sucursales - Parámetros del Control de Proyectos 
E070PSE;Ligação de produtos ou serviços por estado - Operações de saída;Relación de productos o servicios por estado - Operaciones de salida
E070RDT;Cadastros - Filiais - Restrições de Destinatários em Notas Fiscais de Transferência;Registros - Sucursales - Restricciones de Destinatarios en Facturas de Transferencia
E070RET;Cadastros - Filiais - Ligação Filial X Locais de Retirada;Registros - Sucursales - Relación Sucursal X Locales Retirada
E070RIG;Parâmetros do Recebimento Eletrônico - Relacionamento entre Itens e Grupos;Parámetros de Recibimiento Electrónico - Relación entre Elementos y Grupos
E070SFL;Cadastros - Filiais - Serviços Financeiros para Varejo;Registros - Sucursales - Servicios Financieros para Venta al Por Menor
E070TES;Cadastros - Filiais - Parâmetros Tesouraria;Registros - Sucursales - Parámetros Tesorería
E070VAR;Integrações - Varejo - Parâmetros de Integração;Integraciones - Al Detalle - Parámetros de Integración
E070VCF;Cadastros - Filiais - Verbas de Compra por Competência;Registros - Sucursales - Fondos de Compra por Período
E070VCH;Cadastros - Filiais - Verbas de Compra por Competência - Histórico de alterações;Registros - Sucursales - Fondos de Compra por Competencia - Histórico de alteraciones 
E070VEN;Cadastros - Filiais - Parâmetros Vendas;Maestros - Sucursales - Parámetros Ventas
E071CTR;Tabelas - Royalties - Contratos;Tablas - Royalties - Contractos
E071ROY;Tabelas - Royalties;Tablas - Royalties
E072PES;Tabelas - Pesquisa de Mercado;Tablas - Pesquisa de Mercado
E073ETR;Cadastros - Transportadoras - Exclusões de Transportadoras;Registros - Transportadoras - Exclusiones de Transportadoras 
E073FIS;Cadastros - Transportadoras - Pessoa Física;Maestros - Transportadoras - Persona Física
E073HMO;Cadastros - Transportadoras - Histórico do Motorista;Maestros - Transportadoras - Histórico del Conductor
E073HVE;Cadastros - Transportadoras - Histórico do Veículo;Maestros - Transportadoras - Histórico del Vehículo
E073LMR;Cadastros - Transportadoras - Ligação do Motorista às Rotas;Maestros - Transportadoras - Conexión del Conductor a las Rutas
E073LVM;Cadastros - Transportadoras - Ligação do Motorista aos veículos;Maestros - Transportadoras - Conexión del Conductor a los vehículos
E073LVR;Cadastros - Transportadoras - Ligação do Veículo às Rotas de Entrega;Maestros - Transportadoras - Conexión del Vehículo a las Rutas de Entrega
E073LVV;Cadastros - Transportadoras - Ligação do Cavalo ao Reboque;Maestros - Transportadoras - Conexión del Camión al Remolque
E073MAR;Cadastros - Marcas de Veículos;Maestros - Marcas de Vehículos
E073MOD;Cadastros - Modelos de Veículos;Maestros - Modelos de Vehículos
E073MOT;Cadastros - Transportadoras - Motoristas;Maestros - Transportadoras - Conductores
E073OBS;Cadastros - Transportadoras - Observações;Registros - Transportadoras - Observaciones  
E073PRT;Cadastros - Transportadoras - Veículos - Proprietário;Registros - Transportadoras - Vehículos - Propietario
E073RES;Cadastros - Transportadoras - Reserva de Veículos;Maestros - Transportadoras - Reservas de Vehículos
E073TAG;Cadastros - Tipos de veículos X agrupamento comercial;Maestros - Tipos de vehículos x agrupamiento comercial
E073TIP;Cadastros - Tipos de Veículos;Maestros - Tipos de Vehículos
E073TME;Cadastros - Tipos de Mercadoria;Maestros - Tipos de Mercancía
E073TRA;Cadastros - Transportadoras;Maestros - Transportadoras
E073TRA_REC;Tabelas - Recebimento de Documentos Eletrônicos - Transportadoras;Tablas - Recibimiento de Documentos Electrónicos - Transportadoras
E073VEI;Cadastros - Transportadoras - Veículos;Maestros - Transportadoras - Vehículos
E073VNC;Cadastros - Clientes X tipos de veículos não permitidos;Maestros - Clientes X tipos de vehículos no permitidos
E073VTR;Cadastros - Transportadoras - Histórico de Alteração Fiscal da Transportadora;Registros - Transportadoras - Histórico de Alteración Fiscal de la Transportadora
E074VIA;Tabelas - Vias de Transportes;Tablas - Vías de Transportes
E075BAR;Cadastros - Produtos - Códigos de Barras;Maestros - Productos - Códigos de Barras
E075BLO;Cadastros - Produtos - Bloqueio;Registros - Productos - Bloqueo
E075CAT;Cadastros - Categoria;Registros - Categoría
E075CDE;Cadastros - Produtos - Características p/ Derivação;Maestros - Productos - Características para Derivación
E075CMO;Tributos - Notas Fiscais de Entrada Matéria Prima - INOVAR-AUTO;Tributos - Facturas de Entrada Materia Prima - INOVAR-AUTO
E075CNP;Cadastros - Subprodutos/componentes do produto produzido;Registros - Subproductos/componentes de producto producido
E075CPC;Cadastros - Produtos - Correlação entre códigos de produtos comercializados;Registros - Productos - Correlación entre códigos de productos vendidos
E075CPL;Cadastros - Produtos - Produtos Complementares;Registros - Productos - Productos Complementares
E075CPR;Cadastros - Produtos - Características por Produto;Maestros - Productos - Características por Producto
E075CRF;Cadastros - Produtos - Características do Fabricante;Registros - Productos - Características del Fabricante
E075CXU;Tabelas - Ligações - Categorias de Produto x Usuários;Tablas - Relaciones - Categorías de Producto x Usuarios
E075DER;Cadastros - Produtos - Derivações;Maestros - Productos - Derivaciones
E075DPD;Cadastros - Produtos - Distribuição proporcional por Derivação;Maestros - Productos - Distribución proporcional por Derivación
E075EDE;Cadastros - Exclusões de Derivações;Registros - Exclusiones de Derivaciones 
E075EPP;Cadastros - Exclusões de Ligação Produto/Derivação ao Cliente;Registros - Exclusiones de Relación Producto/Derivación al Cliente 
E075EPR;Cadastros - Exclusões de Produtos;Maestros - Exclusiones de Productos
E075EQI;Cadastros - Produtos - Equivalentes;Maestros - Productos - Equivalentes
E075ETP;Cadastros - Produtos - Especificações Técnicas Conformidade p/ Produtos;Maestros - Productos - Especificaciones Técnicas Conformidad por Producto
E075FCI;Cadastros - Cálculo do FCI;Registros - Cálculo del FCI
E075FOT;Cadastros - Produtos - Fotos;Maestros - Productos - Fotos
E075FPR;Cadastros - Ligação entre a empresa e o produto produzido por filial;Registros - Relación entre la empresa y el producto producido por sucursal
E075FTT;Cadastros - Produtos - Texto Descritivo Técnico (Fotos);Maestros - Productos - Texto Descriptivo Técnico (Fotos)
E075GFE;Tabelas - Integrações - Grupo Fiscal Produto x UF - Compra;Tablas - Integraciones - Grupo Fiscal Producto x UF - Compra
E075HIS;Cadastros - Produtos - Históricos;Maestros - Productos - Históricos
E075IBP;Cadastros - Tabela do IBPT;Registros - Tabla del IBPT*
E075IMP;Cadastros - Produtos - Impostos por Produto;Inscripciones - Productos - Impuestos por Producto
E075INF;Cadastros - Produtos - Impostos no Documento Fiscal;Registros - Productos - Impuestos en el Documento Fiscal
E075LCC;Tabelas - Produto - Ligação Contas para Preço de Custo por Produto;Tablas - Producto - Conexión Cuentas para Precio de Costo por Producto
E075LMF;Cadastros - Ligação Minifábricas X Família/Produtos;Maestros - Conexión Minifábricas X Familia/Productos
E075LOG;Impostos - Impostos Por Produto Agro - Log de alterações;Impuestos - Impuestos por producto agrícola - Registro de cambios
E075LPF;Cadastros - Produtos - Liga Fotos aos Produtos;Maestros - Productos - Conecta Fotos a los Productos
E075LPV;Cadastros - Produtos - Ligação Produto/Derivação com Aplicações de Venda;Registros - Productos - Relación Producto/Derivación con Aplicaciones de Venta
E075LTC;Tabelas - Produto - Ligação Transação para Preço de Custo por Produto;Tablas - Producto - Conexión Transacción para Precio de Costo por Producto
E075LTP;Cadastros - Integrações - Sapiens Varejo - Produto X Transação;Registros - Integraciones - Sapiens Venta al detal- Producto X Transacción
E075MAE;Cadastros - Produtos - Informações de Manuseio, Armazenagem e Embalagem;Maestros - Productos - Informaciones de Manoseo, Almacenamiento y Empaques
E075MES;Cadastros - Cabeçalho de Custo de Produto por Data;Registros - Encabezado de Costo de Producto por Fecha
E075MON;Tributos - Resumo Entrada/Saídas Cliente - INOVAR-AUTO;Tributos - Resumen Entrada/Salidas Cliente - INOVAR-AUTO
E075NFC;Cadastros - Notas Fiscais de Compra dos Componentes;Registros - Facturas de Compra de los Componentes
E075NFV;Cadastros - Notas Fiscais de Venda do Produto Produzido;Registros - Facturas de Venta del Producto Producido
E075OBS;Cadastros - Produtos - Observações Adicionais do Produto/Derivação;Maestros - Productos - Observaciones Adicionales del Producto/Derivación
E075OFC;Cadastros - Origens do cálculo da FCI por Empresa/Filial e Período;Registros - Orígenes de calculo de FCI  por Empresa/Sucursal y Periodo
E075OPR;Cadastros - Produto Produzido;Registros - Producto Producido
E075PAC;Cadastros - Características - Ligação Produto X Agrupamento;Maestros - Características - Conexión Producto X Agrupamiento
E075PAT;Cadastro de Princípio Ativo;Registro de Principio Activo
E075PCB;Cadastros - Produtos - Percentual Origem;Registros - Productos - Origen Porcentaje
E075PCD;Cadastros - Preço de custo por produto e derivação;Registros - Precio de costo por producto y derivación
E075PCO;Cadastros - Produtos - Índice de Produtividade e Consumo Médio;Registros - Productos - Índice de Productividad y Consumo Promedio
E075PFI;Cadastros - Produtos - Parâmetros por Filial;Registros - Productos - Parámetros por Sucursal
E075PIC;Cadastros - Produtos - Informações Complementares;Inscripciones - Productos - Información Adicional
E075PPC;Cadastros - Produtos - Ligação Produto/Derivação ao Cliente;Maestros - Productos - Conexión Producto/Derivación al Cliente
E075PPF;Cadastros - Produtos - Ligação Produto/Derivação ao Fabricante;Maestros - Productos - Conexión Producto/Derivación al Fabricante
E075PRF;Cadastros - Registros de familia de produto;Registros - Registros de familia de producto
E075PRO;Cadastros - Produtos;Maestros - Productos
E075PXT;Cadastros - Produtos - Ligação Produto X Transação;Registros - Productos - Relación Producto X Transacción
E075PXU;[DEPRECADA];[DEPRECADA]
E075RAT;Cadastros - Produtos - Rateios;Maestros - Productos - Prorrateos
E075RPF;Cadastros - Produtos - Ligação Produto X Filial;Registros - Productos - Relación Producto X Sucursal
E075SUB;Cadastros - Produtos - Substituto;Registros - Productos - Sustituto
E075TPR;Cadastros - Tabela de preço do produto produzido;Registros - Tabla de precio de producto producido
E075UDP;Cadastros - Produtos - Unidades de Despacho do Produto;Maestros - Productos - Unidades de Envío del Producto
E075UGF;Tabelas - Integrações - Grupo Fiscal Produto x UF;Tablas - Integraciones - Grupo Fiscal Producto x UF
E075VDR;Cadastros - Produtos - Alteração de Derivações;Maestros - Productos - Alteración de Derivaciones
E075VIN;Cadastros - Vendas para o mercado interno;Registros - Ventas para el mercado interno
E075VMO;Tributos - Notas Fiscais de Saída Acabado - INOVAR-AUTO;Tributos - Factura de Salida Acabado - INOVAR-AUTO
E075VPR;Cadastros - Produtos - Alteração de Produtos;Maestros - Productos - Alteración de Productos
E076FAB;Cadastros - Fabricantes;Maestros - Fabricantes
E076LMC;Cadastros - Marcas - Ligação Marca X Condição Pagamento;Maestros - Marcas - Conexión Marca x Condición Pago
E076LML;Cadastros - Marcas - Ligação Marca X Lista de Preço;Maestros - Marcas - Conexión Marca x Lista de Precio
E076LMT;Cadastros - Marcas - Ligação Marca X Tabela de Preço;Maestros - Marcas - Conexión Marca x Tabla de Precio
E076MAR;Cadastros - Marcas;Maestros - Marcas
E076TGE;Cadastros - Tipos de Garantia Estendida;Registros - Tipos de Garantía Extendida
E077BAN;Cadastros - Favorecidos - Contas Bancárias;Maestros - Favorecidos - Cuentas Bancarias
E077FAV;Cadastros - Favorecidos;Maestros - Favorecidos
E078CLM;Tabelas - Controle dos Lotes de Movimentos de Baixa;Tablas - Control de los Lotes de Movimientos de Baja
E078FAI;Tabelas - Controle dos Últimos Números Utilizados - Faixas;Tablas - Control de los Últimos Números Utilizados - Rangos
E078MLB;Tabelas - Movimentos da Tesouraria gerados nos lotes de baixa;Tablas - Movimientos de la Tesorería generados en los lotes de baja
E078TLB;Tabelas - Títulos dos Movimentos dos Lotes de Baixa;Tablas - Títulos de los Movimientos de los Lotes de Baja
E078ULT;Tabelas - Controle dos Últimos Números Utilizados;Tablas - Control de los Últimos Números Utilizado
E079ARE;Cadastros - Áreas da Empresa;Maestros - Áreas de la Empresa
E080CSE;Cadastros - Serviços - Características;Maestros - Servicios - Características
E080CSI;Tabelas - Serviços - Cadastro de serviços intermediados;Tablas - Servicios - Registro de servicios intermediados
E080FSM;Cadastros - Serviços - Ligação Fornecedor X Serviço X Município;Registros - Servicios - Relación Proveedor X Servicio X Municipio
E080ISV;Tabelas - Serviços - Parametrizações de Intermediação;Tablas - Integraciones - Servicios
E080LTP;Cadastros - Integrações - Sapiens Varejo - Serviço X Transação;Registros - Integraciones - Sapiens Venta al Por Menor- Servicio X Transacción
E080RAT;Cadastros - Serviços - Rateios;Maestros - Servicios - Prorrateos
E080SER;Cadastros - Serviços;Maestros - Servicios
E080SIF;Tabelas - Serviços - Serviços intermediados X Filiais;Tablas - Servicios - Servicios intermediados X Sucursales
E080SXC;Cadastros - Serviços - Ligação Serviço X CEP;Maestro - Servicios - Conexión Servicio x Código Postal
E080SXT;Cadastros - Serviços - Ligação Serviço X Transação;Registros - Servicios - Relación Servicio X Transacción
E080TSI;Cadastros - Serviços - Tipos de Serviço;Maestros - Servicios - Tipos de Servicio
E080TXM;Cadastros - Serviços - Ligação Tipo de Serviço X Município;Registros - Servicios - Relación Tipo de Servicio X Municipio
E081ATF;Tabelas - Atributos da Venda - Filiais;Tablas - Atributos de la Venta - Sucursal
E081ATV;Tabelas - Atributos da Venda - Dados Gerais;Tablas - Atributos de la Venta - Datos Generales
E081CPG;Tabelas - Atributos da Venda - Condições - Condições de pagamento;Tablas - Atributos de la Venta - Condiciones - Condiciones de pago
E081EIT;Tabelas - Exclusões de Itens de Produto;Tablas - Exclusiones de Elementos de Producto 
E081ETA;Tabelas - Exclusões de Tabelas de Preços de Venda;Tablas - Exclusiones de Tablas de Precios de Venta 
E081ETP;Tabelas - Exclusões de Validades;Tablas - Exclusiones de Caducidades
E081FCE;Tabelas - Tabela de Preços de Frete - Preços por Estados/Cidades;Tablas - Tabla de Precios de Flete - Precios por Estados/Ciudades
E081FDI;Tabelas - Tabela de Preços de Frete - Preços por Distância;Tablas - Tabla de Precios de Flete - Precios por Distancia
E081FLC;Tabelas - Tabela de Preços de Frete - Preços por Localização;Tablas - Tabla de Precios de Flete - Precios por Localización
E081FPE;Tabelas - Tabela de Preços de Frete - Preços por Peso;Tablas - Tabla de Precios de Flete - Precios por Peso
E081FPG;Tabelas - Atributos da Venda - Condições - Formas de Pagamentos;Tablas - Atributos de la Venta - Condiciones - Formas de Pago
E081FVL;Tabelas - Tabela de Preços de Frete - Preços por Valor;Tablas - Tabla de Precios de Flete - Precios por Valor
E081FVO;Tabelas - Tabela de Preços de Frete - Preços por Volume;Tablas - Tabla de Precios de Flete - Precios por Volumen
E081IAB;Tabelas - Atributos da Venda - Itens e Valores Condicionados (Benefícios);Tablas - Atributos de la Venta - Elementos y Valores Condicionados (Beneficios)
E081IAC;Tabelas - Atributos da Venda - Condições;Tablas - Atributos de la Venta - Condiciones
E081ICA;Tabelas - Atributos da Venda - Itens e Valores Condicionais;Tablas - Atributos de la Venta - Elementos y Valores Condicionales
E081IMA;Tabelas - Tabelas de Preços de Venda - Itens por Modelo de Produto e Agrupamento de Preço;Tablas - Tablas de Precios de Venta - Ítems por Modele de Producto y Agrupamiento de Precio
E081ITF;Tabelas - Tabelas de Preços de Venda - Itens por Faixa da Grade;Tablas - Tablas de Precios de Venta - Ítems por Rango de Rejilla
E081ITP;Tabelas - Tabelas de Preços de Venda - Itens de Produto;Tablas - Tablas de Precios de Venta - Ítems de Producto
E081ITS;Tabelas - Tabelas de Preços de Venda - Itens de Serviço;Tablas - Tablas de Precios de Venta - Ítems de Servicio
E081LIP;Tabelas - Tabelas de Preços de Venda - Log dos Itens de Produto;Tablas - Tablas de Precios de Venta - Log de los ítems de Producto
E081LIS;Tabelas - Tabelas de Preços de Venda - Log dos Itens de Serviço;Tablas - Tablas de precios de venta - Registro de artículos de servicio
E081LPR;Tabelas - Tabelas de Preços de Venda - Log Validades;Tablas - Tablas de Precios de Venta - Registro de Validez
E081PFU;Tabelas - Atributos da Venda - Condições - Perfis de Usuário;Tablas - Atributos de la Venta - Condiciones - Perfiles de Usuario
E081TAB;Tabelas - Tabelas de Preços de Venda - Dados Gerais;Tablas - Tablas de Precios de Venta - Datos Generales
E081TES;Tabelas - Tabela de Preço de Venda - ICMS por Estado;Tablas - Tabla de Precio de Venda - ICMS por Estado
E081TFR;Tabelas - Tabela de Preços de Frete - Dados Gerais;Tablas - Tabla de Precios de Flete - Datos Generales
E081TPC;Tabelas - Tabelas de Preços de Venda - Ligação com Condições de Pagamento;Tablas - Tablas de Precios de Venta - Relación con Condiciones de Pago
E081TPF;Tabelas - Tabelas de Preços de Venda - Ligação com Formas de Pagamento;Tablas - Tablas de Precios de Venta - Relación con Formas de Pago
E081TPL;Tabelas - Tabelas de Preços de Venda - Ligação com Filiais;Tablas - Tablas de Precios de Venta - Relación con Sucursales
E081TPR;Tabelas - Tabelas de Preços de Venda - Validades;Tablas - Tablas de Precios de Venta - Validez
E081VFR;Tabelas - Tabela de Preços de Frete - Validades;Tablas - Tablas de Precios de Flete - Validez
E081VGE;Tabelas - Tabelas de Preço de Venda - Valores Garantia Estendida;Tablas - Tablas de Precio de Venta - Valores Garantía Extendida
E081VPP;Tabelas - Tabelas de Preço de Venda - Valores Parcela Protegida;Tablas - Tablas de Precio de Venta - Valores Cuota Protegida
E082ITP;Tabelas - Tabelas de Preços de Fornecedores - Itens de Produto;Tablas - Tablas de Precios de Proveedores - Ítems de Producto
E082ITS;Tabelas - Tabelas de Preços de Fornecedores - Itens de Serviço;Tablas - Tablas de Precios de Proveedores - Ítems de Servicio
E082LIP;Tabelas - Tabelas de Preços de Fornecedores - Log dos Itens de Produto;Tablas - Tablas de Precios de Proveedores - Log de los Ítems de Producto
E082LIS;Tabelas - Tabelas de Preços de Fornecedores - Log dos Itens de Serviço;Tablas - Tablas de precios de proveedores - Registro de artículos de servicio
E082LPR;Tabelas - Tabelas de Preços de Fornecedores - Log Validades;Tablas - Tablas de Precios de Proveedores - Registro de Validez
E082TAB;Tabelas - Tabelas de Preços de Fornecedores - Dados Gerais;Tablas - Tablas de Precios de Proveedores - Datos Generales 
E082TPR;Tabelas - Tabelas de Preços de Fornecedores - Validades;Tablas - Tablas de Precios de Proveedores - Validez
E083EES;Cadastros - Exclusão de Espécies de Origens de Produto;Maestros - Exclusión de Orígenes de Producto
E083EOR;Cadastros - Exclusão de Origens de Produto;Maestros -  Exclusión de Orígenes de Producto
E083ESO;Cadastros - Espécies de Origens de Produto;Maestros - Especies de Orígenes de Producto
E083ORI;Cadastros - Origens de Produto;Maestros - Orígenes de Producto
E083TEO;Cadastros - Tipos de Espécies de Origens de Produto;Maestros - Tipos de Especies de Orígenes de Producto
E084CBM;Cadastros - Máscara Código do Bem - Componentes;Maestros - Máscara Código del Bien - Componentes
E084CBN;Cadastros - Combinações da Máscara Produto;Maestros - Combinaciones de la Máscara Producto
E084CMD;Cadastros - Máscara Derivação - Componentes;Maestros - Máscara Derivación - Componentes
E084CME;Cadastros - Máscara Endereçamento Produto - Componentes;Registros - Máscara Direccionamiento producto - Componentes
E084CPC;Cadastros - Opções da Máscara Produto - Componentes;Maestros - Opciones de la Máscara Producto - Componentes
E084CPJ;Cadastros - Máscara Projeto - Componentes;Maestros - Máscara Proyecto - Componentes
E084CPR;Cadastros - Máscara Produto - Componentes;Maestros - Máscara Producto - Componentes
E084CSL;Cadastros - Máscara Séries e Lotes - Componentes;Maestros - Máscara Series y Lotes - Componentes
E084DFX;Cadastros - Derivações da Faixa;Maestros - Derivaciones del Rango
E084DPG;Cadastros - Proporcionalidade da Faixa da Grade - Derivações;Maestros - Proporcionalidad del Rango de la Rejilla - Derivaciones
E084FXA;Cadastros - Faixas da Grade;Maestros - Rangos de la Rejilla
E084LOP;Cadastros - Liga Opções da Máscara ao Produto;Maestros - Conecta Opciones de la Máscara al Producto
E084MBM;Cadastros - Máscara Código do Bem;Maestros - Máscara Código del Bien
E084MDP;Cadastros - Máscara Derivação;Maestros - Máscara Derivación
E084MEP;Cadastros - Máscara endereçamento do produto;Registros- Máscara Direccionamiento del producto
E084MPC;Cadastros - Opções da Máscara Produto;Maestros - Opciones de la Máscara Producto
E084MPJ;Cadastros - Máscara Projeto;Maestros - Máscara Proyecto
E084MPR;Cadastros - Máscara Produto;Maestros - Máscara Producto
E084MSL;Cadastros - Máscara Séries e Lotes;Maestros - Máscara Series y Lotes
E084PGR;Cadastros - Proporcionalidade da Faixa da Grade - Dados Gerais;Maestros - Proporcionalidad del Rango de la Rejilla - Datos Generales
E085AEC;Cadastros - Clientes - Autenticadores Externos de Créditos de Clientes;Registros - Clientes - Autenticadores Externos de Créditos de Clientes
E085AIC;Cadastros - Clientes - Áreas de Interesse;Maestros - Clientes - Áreas de Interés
E085CAE;Cadastros - Clientes - Consultas de Autenticadores Externos de Créditos;Registros - Clientes - Consultas de Autenticadores Externos de Créditos
E085CCA;Cadastros - Clientes - Categorias Clientes para Análise de Crédito;Registros - Clientes - Categorías Clientes para Análisis de Crédito
E085CCE;Cadastros - Clientes - Ligação Cliente X Tipos de Contas X Eventos;Registros - Clientes - Relación Cliente X Tipos de Cuentas X Eventos
E085CCL;Cadastros - Clientes - Características;Maestros - Clientes - Características
E085CLI;Cadastros - Clientes;Maestros - Clientes
E085CNV;Cadastros - Clientes - Convênio;Registros - Clientes - Convenio
E085COB;Cadastros - Clientes - Endereços de Cobrança;Maestros - Clientes - Direcciones de Cobro
E085COP;Cadastros - Clientes - Informações de Cooperado;Informaciones - Clientes - Informaciones de Cooperado
E085CTA;Cadastros - Clientes - Assuntos X Contatos;Maestros - Clientes - Asuntos x Contactos
E085CTO;Cadastros - Clientes - Contatos;Maestros - Clientes - Contactos
E085CXC;Cadastros - Clientes - Ligação Cliente X Tipos de Contas;Registros - Clientes - Relación Cliente X Tipos de Cuotas
E085CXT;Cadastros - Clientes - Ligação Cliente X Transação;Registros - Clientes - Relación Cliente X Transacción
E085DCV;Cadastros - Clientes - Convênios - Dependentes;Registros - Clientes - Convenios - Dependientes
E085DEP;Cadastros - Clientes - Dependentes;Informaciones - Clientes - Dependientes
E085DIA;Cadastros - Clientes - Dias de Visita/Ligação;Maestros - Clientes - Días de Visita/Llamada
E085ECL;Cadastros - Clientes - Exclusões de Clientes;Registros - Clientes - Exclusiones de Clientes 
E085ECO;Cadastros - Clientes - Exclusões de Endereços de Cobrança;Registros - Clientes - Exclusiones de Dirección de Cobranza 
E085ECT;Cadastros - Clientes - Exclusões de Contatos;Registros - Clientes - Exclusiones de Contactos 
E085EEN;Cadastros - Clientes - Exclusões de Endereços de Entrega;Registros - Clientes - Exclusiones de Dirección de Entrega 
E085EEX;Cadastros - Integrações - Exceção de Exportação;Registros - Integración - Excepción de Exportación
E085EFI;Cadastros - Clientes - Exclusões de Dados Pessoa Física;Registros - Clientes - Exclusiones de Datos Persona Física 
E085EFP;Cadastros - Clientes - Exclusões de Formas de Pagamento;Registros - Clientes - Exclusiones de Formas de Pago 
E085EHC;Cadastros - Clientes - Exclusões de Históricos de Clientes;Maestros - Clientes - Exclusiones de Históricos de Clientes
E085EJU;Cadastros - Clientes - Exclusão de Dados Pessoa Jurídica;Registros - Clientes - Exclusión de Datos Persona Jurídica 
E085ENT;Cadastros - Clientes - Endereços de Entrega;Maestros - Clientes - Direcciones de Entrega
E085EOB;Cadastros - Clientes - Exclusões de Observações;Registros - Clientes - Exclusiones de Observaciones 
E085FIS;Cadastros - Clientes - Dados Pessoa Física;Maestros - Clientes - Datos Persona Física
E085FPG;Cadastros - Clientes - Formas de Pagamento;Maestros - Clientes - Maneras de Pago
E085HBM;Cadastros - Clientes - Histórico de Bens de Cliente;Registros - Clientes - Histórico de Bienes de Cliente
E085HCL;Cadastros - Clientes - Históricos;Maestros - Clientes - Históricos
E085HCO;Cadastros - Clientes - Histórico de Cooperado;Registros - Clientes - Histórico de Cooperado
E085HIN;Cadastros - Clientes - Históricos nos Informantes;Maestros - Clientes - Históricos en los Informantes
E085IMG;Cadastros - Clientes - Imagens;Registros - Clientes - Imágenes
E085INE;Cadastros - Clientes - Inscrição Estadual;Maestros - Clientes - Inscripción Estadual
E085JUR;Cadastros - Clientes - Dados Pessoa Jurídica;Maestros - Clientes - Datos Persona Jurídica
E085LAF;Cadastros - Clientes - Ligação Autenticadores Crédito X Filiais;Registros - Clientes - Relación Autenticadores Crédito X Sucursales
E085MCL;Cadastros - Clientes - Ligação Cliente X Marca;Registros - Clientes - Relación Cliente X Marca
E085OBS;Cadastros - Clientes - Observações;Maestros - Clientes - Observaciones
E085OCO;Cadastros - Clientes - Observações do Cooperado;Registros - Clientes - Observaciones de Cooperado
E085PRO;Cadastros - Clientes - Propriedades;Informaciones - Clientes - Propiedades
E085PVL;Cadastros - Clientes - Parâmetros de Visita/Ligação;Maestros - Clientes - Parámetros de Visita/Llamada
E085RAC;Cadastros - Clientes - Retorno Autenticadores Externo Créditos;Registros - Clientes - Retorno Autenticadores Externo Créditos
E085RAT;Cadastros - Clientes - Rateios;Maestros - Clientes - Prorrateos
E085REP;Cadastros - Clientes - Ligação Representante X Cliente;Maestros - Clientes - Conexión Representante X Cliente
E085RXC;Cadastros - Clientes - Relação Cliente X Cliente;Maestros - Clientes - Relación Cliente X Cliente
E085SCN;Cadastros - Clientes  - Segmentos x CNAE;Maestros - Clientes  - Segmentos x CNAE
E085SPC;Cadastros - Clientes  - Consultas ao SPC;Registros - Clientes  - Consultas al SPC*
E085SPR;Cadastros - Clientes - Propriedades - Subpropriedades;Registros - Clientes - Propiedades - Subpropiedades
E085VCL;Cadastros - Clientes - Histórico de Alteração Fiscal do Cliente;Registros - Clientes - Histórico de Alteración Fiscal del Cliente
E086BAN;Cadastros - Sacados - Contas Bancárias;Maestros - Girados - Cuentas Bancarias
E086SAC;Cadastros - Sacados;Maestros - Girados
E087INF;Cadastros - Referências Comerciais e Bancárias;Maestros - Referencias Comerciales y Bancarias
E088CCL;Tabelas - Certificado de Classificação - Dados Gerais;Tablas - Certificado de Clasificación - Datos Generales
E088LPC;Tabelas - Certificado de Classificação - Ligação Produto ao Certificado de Classificação;Tablas - Certificado de Clasificación - Relación producto al certificado de clasificación
E089DOC;Tabelas - Tipos de Documento;Tablas - Tipos de Documento
E089RAT;Tabelas - Tipos de Documento - Rateios;Tablas - Tipos de Documento - Prorrateos
E090CID;Cadastros - Representantes - Cidades de Atuação;Maestros - Representantes - Ciudades de Actuación
E090ERE;Cadastros - Representantes - Exclusões de Representantes;Registros  - Representantes - Exclusiones de Representantes 
E090HCT;Cadastros - Representantes - Cotas por Agrupamento;Maestros - Representantes - Cuotas por Agrupamiento
E090HFR;Cadastros - Representantes - Hierarquia de Funções;Registros - Representantes - jerarquía de Funciones
E090HRP;Cadastros - Representantes - Históricos;Maestros - Representantes - Históricos
E090INS;Cadastros - Representantes - Controle de Retenção de INSS;Maestros - Representantes - Control de Retención del AFP
E090LRF;Cadastros - Representantes - Ligação Representante X Fornecedor;Maestros - Representantes - Conexión Representante X Proveedor
E090MRE;Cadastros - Representantes - Definições de Representante X Marca;Maestros - Representantes - Definiciones de Representante X Marca
E090OBS;Cadastros - Representantes - Observações;Maestros - Representantes - Observaciones
E090RAT;Cadastros - Representantes - Rateios;Maestros - Representantes - Prorrateos
E090RCP;Cadastros - Representantes - Ligação Representante X Condição Pagamento;Maestros - Representantes - Conexión Representante x Condición de Pago
E090REP;Cadastros - Representantes;Maestros - Representantes
E090RLI;Cadastros - Representantes - Ligação Representante X Lista de Preços;Maestros - Representantes - Conexión Representante x Lista de Precios
E090RTP;Cadastros - Representantes - Ligação Representante X Tabela de Preços;Maestros - Representantes - Conexión Representante x Tabla de Precios
E090VAR;Integrações - Varejo - Parâmetros de representante (vendedor);Integraciones - Venta al Por Menor - Parámetros de representante (vendedor)
E090VRE;Cadastros - Representantes - Histórico de Alteração Fiscal do Representante;Registros - Representantes - Histórico de Alteración Fiscal del Representante
E091ASS;Tabelas - Plano Financeiro - Assuntos;Tablas - Plan Financiero - Asuntos
E091FXA;Tabelas - Plano Financeiro - Relacionamento Contas X Assuntos;Tablas - Plan Financiero - Relación Cuentas X Asuntos
E091FXC;Tabelas - Plano Financeiro - Relacionamento Contas X Centro de Custos Liberados;Tablas - Plan Financiero - Relación Cuentas X Centro de Costos Liberados
E091PLF;Tabelas - Plano Financeiro - Contas;Tablas - Plan Financiero - Cuentos
E091RAP;Tabelas - Plano Financeiro - Rateios Padrões;Tablas - Plan Financiero - Prorrateos Estándares
E091RAT;Tabelas - Plano Financeiro - Rateios;Tablas - Plan Financiero - Prorrateos
E091RFC;Tabelas - Plano Financeiro - Relacionamentos com Centros de Custos;Tablas - Plan Financiero - Relaciones con Centros de Costos
E091RPA;Tabelas - Plano Financeiro - Rateios Padrões (Assunto);Tablas - Plan Financiero - Prorrateos Estándares (Asuntos)
E092TPJ;Tabelas - Projetos - Tipos de Projetos;Tablas - Proyectos - Tipos de Proyectos
E093ETG;Tabelas - Estágios da Produção;Tablas - Etapas de la Producción
E094CET;Cadastros - Especificações Conformidade  Produto - Componentes;Maestros - Especies Conformidad Producto - Componentes
E094ECT;Cadastros - Especificações Conformidade  Produto;Maestros - Especificaciones Conformidad Producto
E095AIF;Cadastros - Fornecedores - Áreas de Interesse;Maestros - Proveedores - Áreas de Interés
E095BAN;Cadastros - Fornecedores - Contas Bancárias;Maestros - Proveedores - Cuentas Bancarias
E095CBO;Cadastro - Produtos - CBO - Classificação brasileira de ocupações;Registro - Productos - CBO* - Clasificación brasileña de ocupaciones
E095CFO;Cadastros - Fornecedores - Características;Maestros - Proveedores - Características
E095CTA;Cadastros - Fornecedores - Assunto X Contato;Maestros - Proveedores - Asunto X Contacto
E095CTO;Cadastros - Fornecedores - Contatos;Maestros - Proveedores - Contactos
E095DAA;Cadastros - Fornecedores - DAP - Acessória Associadas;Registros - Proveedores - DAP - Asesoría Asociadas
E095DAP;Cadastros - Fornecedores - DAP - Declaração de Aptidão ao Pronaf;Registros - Proveedores - DAP - Declaración de Aptitud a Pronaf
E095DEP;Cadastros - Fornecedores - Dependentes;Registros - Proveedores - Dependientes
E095ECT;Cadastros - Fornecedores - Exclusão de Contatos;Maestros - Proveedores - Exclusión de Contactos
E095EED;Cadastros - Fornecedores - Recibo de Pagamento Autônomo de Terceiros;Registros - Proveedores - Recibo de Pago Autónomo de Terceros
E095EFO;Cadastros - Fornecedores - Exclusões de Fornecedores;Maestros - Proveedores - Exclusiones de Proveedores
E095FCP;Cadastros - Fornecedores - Chaves PIXs;Registros - Proveedores - Llaves PIXs
E095FOR;Cadastros - Fornecedores - Cadastros;Maestros - Proveedores - Maestros
E095FOR_REC;Tabelas - Recebimento de Documentos Eletrônicos - Fornecedores;Tablas - Recibimiento de Documentos Electrónicos - Proveedores
E095FPG;Cadastros - Fornecedores - Formas de Pagamento;Maestros - Proveedores - Formas de Pago
E095FXS;Cadastros - Fornecedores - Ligação Fornecedor X Série;Registros - Proveedores - Relación Proveedor X Serie
E095FXT;Cadastros - Fornecedores - Ligação Fornecedor X Transação;Registros - Proveedor - Relación Proveedor X Transacción
E095HFO;Cadastros - Fornecedores - Históricos;Maestros - Proveedores - Históricos
E095INE;Cadastros - Fornecedores - Inscrição Estadual;Maestros - Proveedores - Inscripción Estadual
E095INS;Cadastros - Fornecedores - Controle de Retenção de INSS;Maestros - Proveedores - Control de Retención de AFP
E095LLT;Cadastros - Ligação da Lotação Tributária x Fornecedor por Filial;Registros - Relación de la Capacidad Tributaria x Proveedor por Sucursal
E095LOT;Cadastros - Lotação Tributária;Registros - Capacidad Tributaria
E095OBS;Cadastros - Fornecedores - Observações;Maestros - Proveedores - Observaciones
E095ORM;Cadastros - Fornecedores - Origem das Mercadorias;Maestros - Proveedores - Origen de las Mercancías
E095ORM_REC;Cadastros - Recebimento de Documentos Eletrônicos - Fornecedores - Origem das Mercadorias;Registros - Recepción de Documentos Electrónicos - Proveedores - Origen de las Mercancías
E095RAT;Cadastros - Fornecedores - Rateios;Maestros - Proveedores - Prorrateos
E095SCN;Cadastros - Fornecedores - Segmentos x CNAE;Maestros - Proveedores - Segmentos x CNAE
E095VFO;Cadastros - Fornecedores - Histórico de Alteração Fiscal do Fornecedor;Registros - Proveedores - Histórico de Alteración Fiscal del Proveedor
E096MDR;Tabelas - Controle de Modelos de Relatórios;Tablas - Control de Modelos de Informes
E097MON;Cadastro - Pendências de Montagem;Registros - Pendientes de Montaje
E097OCM;Cadastro - Pendências de Montagem - Ocorrências;Registros - Pendientes de Montaje - Incidentes
E097PEN;Cadastro - Pendências para a Carga;Maestros - Pendencias para la Carga
E097VMO;Cadastro - Pendências de Montagem - Valores;Registros - Pendientes de Montaje - Valores
E098LOG;Tabelas - Identificador de Ponto de Regras/Personalização - Log's;Tablas - Identificador de Punto de Reglas/Personalizado - Log's
E098REG;Tabelas - Identificador de Ponto de Regras/Personalização;Tablas - Identificador de Punto de Reglas/Personalizado
E099ALS;Cadastros - Usuários - Agrupamentos Liberados para Compras;Registros - Usuarios - Agrupamientos Liberados para Compras
E099CAE;Usuários - Dados de Conexão no Autenticador de Crédito;Usuarios - Datos de Conexión no Autenticador de Crédito
E099CCH;Cadastros - Cotas de Compra por Competência - Histórico de alterações;Registros - Cuotas de Compra por Período - Histórico de alteraciones 
E099CCO;Cadastros - Usuários - Cotas de Compra por Competência;Registros - Usuarios - Costos de Compra por Período
E099CER;Cadastros - Usuários - Certificados Digitais;Maestros - Usuarios - Certificados Digitales
E099CPR;Cadastros - Usuários - Cotas de Compra por Competência;Registros - Usuarios - Costos de Compra por Competencia
E099FIN;Cadastros - Usuários - Finanças;Registros - Usuarios - Finanzas
E099GCO;Cadastros - Usuários - Parâmetros Gestão Controladoria;Registros - Usuarios - Parámetros Gestión Contraloría
E099IPE;Cadastros - Usuários - Tabela log de processos executados por usuário;Registros - Usuarios - Tabla log de procesos ejecutados por usuario
E099LAE;Cadastros - Usuários - Cadastro no Autenticador de Crédito;Registros - Usuarios - Registros en el Autenticador de Crédito
E099PAR;Cadastros - Usuários - Parâmetros Fluxo de Caixa (2);Maestros - Usuarios - Parámetros Flujo de Caja (2)
E099PAS;Cadastros - Usuários - Parâmetros Fluxo de Caixa (2) - Distribuição Títulos Anteriores;Maestros - Usuarios - Parámetros Flujo de Caja (2) - Distribución Títulos Anteriores
E099PAT;Cadastros - Usuários - Simulação de Transferência de Saldos Bancários;Maestros - Usuarios - Simulación de Transferencia de Saldos Bancarios
E099PXU;Usuários da rotina de parametrização genérica;Usuario de rutina de parametrización genérica
E099ROT;Parâmetros para rotinas genéricas;Parámetros para rutinas genéricas
E099TPG;Cadastros - Usuários - Últimos Parâmetros Solicitados;Registros - Usuarios - Últimos Parámetros Solicitados 
E099TTM;Cadastros - Usuários - Dados de login com TTM da TAN;Registros - Usuarios - Datos de login con TTM da TAN
E099UAB;Usuários - Abrangência de usuários;Usuarios - Alcance de usuarios
E099UCP;Cadastros - Usuários - Parâmetros Compras;Registros - Usuarios - Parámetros Compras
E099UDE;Cadastros - Usuários - Parâmetros Documentos Eletrônicos;Registro - Usuarios - Parámetros Documentos Electrónicos
E099UPA;Cadastros - Usuários - Tabela processos executados por usuário;Registros - Usuarios - Tabla procesos ejecutados por usuario
E099UPF;Cadastros - Usuários - Parâmetros por fiial;Registros - Usuarios - Parámetros por sucursal
E099USE;Cadastros - Usuários - Extenção;Altas - Usuarios - Extensión
E099USU;Cadastros - Usuários;Maestros - Usuarios
E099UVE;Cadastros - Usuários - Parâmetros Vendas;Registros - Usuarios - Parámetros Ventas
E099UXB;Cadastros - Usuários X Contas Contábeis Liberadas;Maestros - Usuarios X Cuentas Contables Liberadas
E099UXB_HIS;Cadastros - Histórico - Usuários X Contas Contábeis Liberadas;Maestros - Histórico - Usuarios X Cuentas Contables Liberadas
E099UXC;Cadastros - Usuários X Contas Internas Bloqueadas;Maestros - Usuarios X Cuentas Internas Bloqueadas
E099UXF;Cadastros - Usuários X Contas Financeiras Liberadas;Maestros - Usuarios X Cuentas Financieras Liberadas
E099UXP;Cadastros - Usuários X Produtos e Derivações Liberadas;Maestros - Usuarios X Productos y Derivaciones Liberadas
E099UXT;Cadastros - Usuários X Transações Bloqueadas;Maestros - Usuarios X Transacciones Bloqueadas
E099UXU;Cadastros - Usuários X Centro de Custos Liberados;Maestros - Usuarios X Centro de Costos Liberados
E100APR;SGQ - Documentos - Histórico de Aprovações;SGQ - Documentos - Histórico de Aprobaciones
E100COP;SGQ - Documentos - Cópias Físicas;ASGQ - Documentos - Copias Físicas
E100DOC;SGQ - Documentos - Cadastro;ASGQ - Documentos - Maestros
E100HDC;SGQ - Documentos - Históricos;ASGQ - Documentos - Históricos
E100PGQ;SGQ - Parâmetros;ASGQ - Parámetros
E100RDC;SGQ - Documentos - Referências Entre Documentos;ASGQ - Documentos - Referencias Entre Documentos
E100RUC;SGQ - Documentos - Usuários X Cópias Físicas;ASGQ - Documentos - Usuarios X Copias Físicas
E100TDC;SGQ - Documentos - Tipos;ASGQ - Documentos - Tipos
E101CCL;Compra - Controle de Classificação de Laudo;Compra - Control de clasificación de informes
E101DFI;SGQ - Inspeções - Definição de Frequência de Inspeção;SGQ - Inspecciones - Definición de Frecuencia de Inspección
E101ICL;Compra - Controle de Itens de Classificação de Laudo;Compra - Control de Ítems de Clasificación de Informes
E101INP;SGQ - Inspeções - Cadastro;ASGQ - Inspecciones - Maestros
E101PIN;SGQ - Inspeções - Planos;ASGQ - Inspecciones - Planes
E101PSR;SGQ - Inspeções - Ligação Plano de Inspeção X Roteiro de Produção;ASGQ - Inspecciones - Conexión Plan de Inspección X Itinerario de Producción
E101PXI;SGQ - Inspeções - Ligações com Planos;ASGQ - Inspecciones - Conexión con Planes
E101PXV;SGQ - Inspeções - Verificações do Plano;SGQ - Inspecciones - Verificaciones del Plan
E101TCL;Qualidade/Inspeção - Tipos para Classificação de Laudo;Calidad/Inspección: tipos de clasificación de informes
E101VER;SGQ - Verificações padrões de inspeção;ASGQ - Verificaciones estándares de inspección
E102DEI;SGQ - Inspeções - Defeitos Encontrados;ASGQ - Inspecciones - Defectos Encontrados
E102EIN;SGQ - Inspeções - Execução;ASGQ - Inspecciones - Ejecución
E102EIV;SGQ - Execução de Verificações;ASGQ - Ejecución de Verificaciones
E102EPI;SGQ - Inspeções - Execução de Planos;ASGQ - Inspecciones - Ejecución de Planes
E102ICF;SGQ - Inspeções - Inspeções pelo Controle de Frequência;SGQ - Inspecciones - Inspecciones por el Control de Frecuencia
E102RDE;SGQ - Registro de Desvios;ASGQ - Registro de Desvíos
E103CAT;Manutenção - Categorias;Mantenimiento - Categorías
E103CCE;Manutenção - Coleta por Equipamento/Ferramenta;Mantenimiento - Recolecta por Equipamiento/Herramienta
E103CCM;Manutenção - Tipo de Coletas;Mantenimiento - Tipo de Recolectas
E103CEQ;SGQ - Calibração de Equipamentos de Inspeção;ASGQ - Calibración de Equipos de Inspección
E103CGE;Manutenção - Ligação Grupo de Equipamentos/Ferramentas X Tipo de Coleta;Mantenimiento - Relación Grupo de Equipamientos/herramientas X Tipo de Recolecta
E103EMT;Manutenção - Registro de Manutenção;Mantenimiento - Registro de Mantenimiento
E103EQP;Manutenção - Equipamentos;ASGQ - Equipos
E103GRP;Manutenção - Grupo de Equipamentos/Ferramentas;Mantenimiento - Grupo de Equipamientos/Herramientas
E103MVE;Manutenção - Movimento de Estoque;Manutención - Movimiento de depósito
E103OMT;Manutenção - Observações da Execução de Manutenção;Manutención - Observaciones de la Ejecución de Manutención
E103PRI;Manutenção - Prioridades de Manutenção;Manutención - Prioridades de Manutención
E103RPS;Manutenção - Requisição Produto/Serviço;Mantenimiento - Requisición Producto/Servicio
E103SGE;Manutenção - Ligação de Serviço e Grupo de Equipamentos/Ferramentas;Mantenimiento - Relación de Servicio y Grupo de Equipamientos/Herramientas
E103SVF;Manutenção - Concessões de vida/sobrevida equipamento/ferramenta;Manutención - Concesiones de vida/sobrevida equipo/herramienta
E103TCC;Manutenção - Troca de Contador de Tipo de Coleta;Mantenimiento - Cambio de Contador de Tipo de Recolecta
E104AIE;SGQ - Acompanhamento de Implantação e Eficácia de Ações Preventivas e Corretivas;ASGQ - Acompañamiento de Implantación y Eficacia de Acciones Preventivas
E104APC;SGQ - Ações Preventivas e Corretivas;ASGQ - Acciones Preventivas y Correctivas
E104ORG;SGQ - Origem do Registro da Qualidade;ASGQ - Origen del Registro de Calidad
E104RIS;SGQ - Registro de Requisitos ISO;ASGQ - Registro de Requisitos ISSO
E104RMC;SGQ - Registros para Melhoria Contínua;ASGQ - Registros para la Mejoría Continua
E104TRM;SGQ - Tipo de Documento para Registros para Melhoria Contínua;ASGQ - Tipo de Documento para Registros para la Mejoría Continua
E105EMA;SGQ - Manutenções - Execução;ASGQ - Manutenciones - Ejecución
E105EPM;SGQ - Manutenções - Execução de Planos;ASGQ - Manutenciones - Ejecución de Planes
E105MAN;SGQ - Manutenções - Cadastro;ASGQ - Manutenciones - Maestros
E105PMA;SGQ - Manutenções - Planos;ASGQ - Manutenciones - Planes
E105PXM;SGQ - Manutenções - Ligações com Planos;ASGQ - Manutenciones - Conexiones con Planes
E106ASS;SGQ - Atendimento de Fornecedores - Assuntos;ASGQ - Atendimiento de Proveedores - Asuntos
E106ATE;SGQ - Atendimento de Fornecedores - Registro;ASGQ - Atendimiento de Proveedores - Registro
E107AFO;SGQ - Avaliação Fornecedores - Avaliação;ASGQ - Evaluación Proveedores - Evaluación
E107ATE;SGQ - Avaliação Fornecedores - Atendimentos Avaliação;ASGQ - Evaluación Proveedores - Atendimientos Evaluación
E107EMP;SGQ - Avaliação Fornecedores - Parâmetros para Empresa;ASGQ - Evaluación Proveedores - Parámetros para la Empresa
E107FIL;SGQ - Avaliação Fornecedores - Filiais Avaliação;ASGQ - Evaluación Proveedores - Sucursales Evaluación
E107FOR;SGQ - Avaliação Fornecedores - Fornecedores Avaliação;ASGQ - Evaluación Proveedores - Proveedores Evaluación
E107NFC;SGQ - Avaliação Fornecedores - Notas Fiscais Avaliação;ASGQ - Evaluación Proveedores - Facturas Evaluación
E107PDF;SGQ - Avaliação Fornecedores - Produtos/Derivações Avaliação;ASGQ - Evaluación Proveedores - Productos/Derivaciones Evaluación
E107SEF;SGQ - Avaliação Fornecedores - Serviços Avaliação;ASGQ - Evaluación Proveedores - Servicios Evaluación
E110CCU;Integração - Centros de Custos;Integración - Centros de Costos
E110CLI;Integração - Clientes;Integración - Clientes
E110COB;Integração - Clientes - Endereços de Cobrança;Integración - Clientes - Dirección de Cobro
E110CPG;Integração - Condição de Pagamento;Integración - Condiciones de Pago
E110DER;Integração - Derivações;Integración - Derivaciones
E110DOC;Integração - Documentos - Dados Gerais;Integración - Documentos - Datos Generales
E110ENT;Integração - Clientes - Endereços de Entrega;Integración - Clientes - Direcciones de Entrega
E110FOR;Integração - Fornecedores;Integración - Proveedores 
E110HCL;Integração - Clientes - Históricos;Integración - Clientes - Históricos
E110HFO;Integração - Fornecedores - Históricos;Integración - Proveedores - Históricos
E110ICP;Integração - Condição de Pagamento - Parcelas;Integración - Condiciones de Pago - Cuotas
E110IDF;Integração - Impostos para Documento Fiscal;Integración - Impuestos para Documento Fiscal
E110IPR;Integração - Documentos - Itens de Produtos;Integración - Documentos - Ítems de Productos
E110ISR;Integração - Documentos - Itens de Serviços;Integración - Documentos - Ítems de Servicios
E110MCP;Integração - C. Pagar - Títulos - Movimentos;Integración - Cuentas a Pagar - Títulos - Movimientos
E110MCR;Integração - C. Receber - Títulos - Movimentos;Integración - Cuentas a Recibir - Títulos - Movimientos
E110MVP;Integração - Estoques - Movimentos;Integración - Stocks - Movimientos
E110PLA;Integração - Plano Contábil - Contas;Integración - Plan Contable - Cuentas
E110PRO;Integração - Produtos;Integración - Productos
E110REP;Integração - Representantes;Integración - Representantes
E110TCP;Integração - C. Pagar - Títulos - Dados Gerais;Integración - Cuentas a  Pagar - Títulos - Datos Generales
E110TCR;Integração - C. Receber - Títulos - Dados Gerais;Integración - Cuentas a Recibir - Títulos - Datos Generales
E110TRA;Integração - Transportadoras;Integración - Transportadoras
E111ITE;Recebimentos Varejo - Itens;Recibimientos Ventas al Por Menor- Elementos
E111PAR;Recebimentos Varejo - Parcelamento;Recibimientos Ventas al Por Menor - En Cuotas
E111REC;Recebimentos Varejo;Recibimientos Ventas al Por Menor
E111TEF;Recebimentos Varejo - Dados TEF;Recibimientos Ventas al Por Menor - Datos TEF
E113ACR;Receituário Agronômico - ART CREA;Recetario Agronómico - ART CREA
E113AEQ;Receituário Agronômico - Equipamento na Aplicação;Receta Agronómica - Equipo en la Aplicación
E113AES;Mercado - Gestão de Vendas - Assinatura Eletrônica do Receituário pelo Sign;Mercado - Gestión de Ventas - Firma Electrónica de Recetas vía Firma
E113APL;Receituário Agronômico - Aplicação;Recetario Agronómico - Aplicación
E113APT;Receituário Agronômico - Tipo de aplicação;Recetario Agronómico - Tipo de aplicación
E113BEQ;Receituário Agronômico - Equipamento na Bula;Receta Agronómica - Equipo en el Prospecto
E113BNF;Agronegócio - Tabelas - Beneficiamento;Agronegocio - Tablas - Mejoría
E113BTA;Recetuário Agronômico - Tipo de aplicação na bula;Recetario Agronómico - Tipo de aplicación en el prospecto
E113BUL;Receituário Agronômico - Bula do Produto;Recetario Agronómico - Prospecto de Producto
E113CAT;Agronegócio - Tabelas - Categoria do Lote;Agronegocio - Tablas - Categoría del Lote
E113CCA;Receituário Agronômico - Categoria de comercialização de agrotóxico;Recetario Agronómico - Categoría de comercialización de pesticida
E113CEB;Receituário Agronômico - Código por estado na bula;Recetario Agronómico - Código por estado en el prospecto
E113CEC;Receituário Agronômico - Código por estado da cultura, praga e produto na  aplicação;Recetario Agronómico - Código por estado de la cultura, plaga y producto en la  aplicación
E113CEE;Receituário Agronômico - Código por estado da embalagem, unidade de medida e capacidade na  aplicação;Recetario Agronómico - Código por estado del paquete, unidad de medida e capacidad en la  aplicación
E113CFB;Receituário Agronômico - Característica ficha de emergência na bula;Recetario Agronómico - Característica ficha de emergencia en el prospecto
E113CFE;Receituário Agronômico - Característica ficha de emergência;Recetario Agronómico - Característica ficha de emergencia
E113CLB;Receituário Agronômico - Classe/tipo do produto da bula;Recetario Agronómico - Clase/tipo de producto de prospecto
E113CLO;Receituário Agronômico - Classe/Tipo de produto;Recetario Agronómico - Clase/Tipo de producto
E113COA;Agronegócio - Tabelas - Cadastro de Operações;Agronegocios - Tablas - Registro de Operaciones
E113CRA;Receituário Agronômico - CREA;Recetario Agronómico - CREA
E113CRB;Receituário Agronômico - Característica receita agronômica na bula;Recetario Agronómico - Característica receta agronómica en el prospecto
E113CRE;Receituário Agronômico - Característica receita agronômica na aplicação;Recetario Agronómico - Característica receta agronómica en la aplicación
E113CTR;Receituário Agronômico - Característica da receita agronômica;Recetario Agronómico - Característica de la receta agronómica
E113CTT;Receituário Agronômico - Texto padrão para tipo de caracteristica  agronômica;Recetario Agronómico - Texto padrón para tipo de característica  agronómica
E113CUL;Agronegócio - Tabelas - Cultivar;Agronegocio - Tablas - Cultivar
E113DIA;Receituário Agronômico - Diagnóstico;Recetario Agronómico - Diagnóstico
E113DIE;Receituário Agronômico - Ligação praga/problema x estado;Recetario Agronómico - Llamada plaga/problema x estado
E113DPP;Receituário Agronômico - Praga/problema;Recetario Agronómico - Plaga/problema
E113ECE;Receituário Agronômico - Ligação embalagem e unidade de medida X estado;Recetario Agronómico - Llamado paquete y unidad de medida X estado
E113ECR;Receituário Agronômico - Restrição por estado na aplicação;Recetario Agronómico - Restricción por estado en la aplicación
E113EPE;Receituário Agronômico - Ligação espécie/cultura x estado;Recetario Agronómico - Llamado especie/cultura x estado
E113EQP;Receituário Agronômico - Cadastro de Equipamentos;Prescripción Agronómica - Registro de Equipos
E113ETP;Agronegócio - Tabelas - Espécie;Agronegocio - Tablas - Especie
E113FRM;Receituário Agronômico - Formulação;Recetario Agronómico - Formulación
E113FXI;Agronegócio - Tabelas - Relacionamento Item do Contrato X Item de Classificação X Acréscimo Financeiro X Faixas;Agronegócio - Tablas - Relación Elemento del contrato X elemento de Clasificación X Incremento Financiero X Rangos
E113ICL;Agronegócio - Tabelas - Item de Classificação;Agronegocio - Tablas - Ítem de Clasificación
E113IPH;Agronegócio - Tabelas - Itens de Melhoria de PH;Agronegócio - Tablas - Elementos de Mejoría de PH
E113ITX;Agronegócio - Tabelas - Item de Taxa;Agronegocio - Tablas - Ítem de Tasa
E113IXA;Agronegócio - Tabelas - Relacionamento Item do Contrato X Item de Classificação X Acréscimo Financeiro;Agronegócio - Tablas - Relación Elementos del Contrato X Elemento de Clasificación X Incremento financiero
E113IXI;Agronegócio - Tabelas - Faixas do item de classificação X Moeda;Agronegocio - Tablas - Franjas de ítem de clasificación X Moneda
E113IXM;Agronegócio - Tabelas - Item de classificação X Moeda;Agronegocio - Tablas - elemento de clasificación  X Moneda
E113LAS;Mercado - Gestão de Vendas - Assinatura Eletrônica do Receituário pelo Sign - Log Detalhado;Mercado - Gestión de Ventas - Firma Electrónica de Recetas vía Firma - Registro Detallado
E113MPH;Agronegócio - Tabelas - Melhoria de PH;Agronegócio - Tablas - Mejoría de PH
E113PAB;Receituário Agronômico - Princípio ativo na bula;Recetario Agronómico - Principio activo en el prospecto
E113PCE;Receituário Agronômico - Ligação produto x estado;Recetario Agronómico - Llamado producto x estado
E113PEU;Receituário Agronômico - Ligação produto x embalagem x unidade de medida;Recetario Agronómico - Llamado producto x paquete x unidad de medida
E113PIP;Agronegócio - Tabelas - Relacionamento Produto X Item de Classificação X Percentual;Agronegocio - Tablas - Relación Producto X Ítem de Clasificación X Porcentual
E113PNE;Agronegócio - Tabelas - Peneira;Agronegocio - Tablas - Zaranda
E113PRA;Receituário Agronômico - Princípio ativo;Recetario Agronómico - Principio activo
E113PTX;Agronegócio - Tabelas - Relacionamento Produto X Item de Taxa X Parâmetros;Agronegocio - Tablas - Relación Producto X Ítem de Tasa X Parámetros
E113PXI;Agronegócio - Tabelas - Relacionamento Produto X Item de Classificação;Agronegocio - Tablas - Relación Producto X Ítem de Clasificación
E113PXT;Agronegócio - Tabelas - Relacionamento Produto X Item de Taxa;Agronegocio - Tablas - Relación Producto X Ítem de Tasa
E113RCA;Mercado - Gestão de Vendas - Receituário Agronômico - Receitas Canceladas para Reaproveitar;Mercado - Gestión de Ventas - Recetario Agronómico - Recetas Canceladas para Reaprovechar
E113RCF;Mercado - Gestão de Vendas - Receituário Agronômico - Característica da receita agronômica finalizada;Mercado - Gestión de Ventas - Recetario Agronómico - Característica da receta agronómica finalizada
E113REB;Receituário Agronômico - Restrição por estado na bula;Recetario Agronómico - Restricción por estado en el prospecto
E113REC;Mercado - Gestão de Vendas - Receituário Agronômico - Característica receita agronômica;Mercado - Gestión de Ventas - Recetario Agronómico - Característica receta agronómica
E113REF;Mercado - Gestão de Vendas - Receituário Agronômico - Receita agronômica finalizada;Mercado - Gestión de Ventas - Recetario Agronómico - Receta agronómica finalizada
E113REI;Mercado - Gestão de Vendas - Receituário Agronômico - Itens da receita agronômica;Mercado - Gestión de Ventas - Recetario Agronómico - Elementos de la receta agronómica
E113REM;Mercado - Gestão de Vendas - Receituário Agronômico - Emissão da receita agronômica;Mercado - Gestión de Ventas - Recetario Agronómico - Emisión de la receta agronómica
E113RIF;Mercado - Gestão de Vendas - Receituário Agronômico - Itens da receita agronômica finalizada;Mercado - Gestión de Ventas - Recetario Agronómico - Elementos de la receta agronómica finalizada
E113RPF;Ligação Responsável Técnico X Filial;Vinculo Responsable Técnico X Sucursal
E113RTC;Receituário Agronômico - Responsável técnico;Recetario Agronómico - Responsable técnico
E113SAF;Agronegócio - Tabelas - Safra;Agronegocio - Tablas - Zafra
E113SLT;Agronegócio - Tabelas - Status Lote;Agronegocio - Tablas - Status Lote
E113TRG;Agronegócio - Tabelas - Variedade;Agronegocios - Mesas - Variedad
E113TRM;Agronegócio - Tabelas - Tratamento;Agronegocio - Tablas - Tratamiento
E113UMD;Receituário Agronômico - Unidade de medida da dose;Recetario Agronómico - Unidad de medida de la dosis
E113UME;Receituário Agronômico - Ligação unidade de medida da dose X estado;Recetario Agronómico - Llamado unidad de medida de la dosis X estado
E113VIC;Agronegócio - Tabelas - Relacionamento Variedade x Itens de Classificação;Agronegocios - Tablas - Variedad x Clasificación Artículos Relación
E113XML;Agronegócio - Tabelas - Armazenamento arquivos XML;Agronegocios - Tablas - Almacenamiento de archivos XML
E114CCS;Cadastro de Categoria de Sementes;Registro de Categoría de Semillas
E114EMB;Estoques - Recebimento - Destinação - Embalagens Vazias;Existencias - Recepción - Destino - Embalaje Vacío
E114IPE;Estoques - Ítens - Recebimento - Destinação - Embalagens Vazias;Existencias - Artículos - Recepción - Destino - Embalaje Vacío
E114IPT;Estoques - Ítens - Transferência de Saldos - Agrotóxicos - Sementes e Mudas;Existencias - Partidas - Transferencia de Saldo - Plaguicidas - Semillas y Plántulas
E114TRA;Estoques - Transferência de Saldos - Agrotóxicos - Sementes e Mudas;Existencias - Transferencia de Saldo - Plaguicidas - Semillas y Plántulas
E115CAQ;Vendas/Compras - Controle de Entrada e Saída - Certificado de Análise de Qualidade;Ventas/Compras - Control de Entradas y Salidas - Certificado de Análisis de Calidad
E115CES;Vendas/Compras - Controle de Entrada e Saída - Dados Gerais;Ventas/Compras - Control de Entrada y Salida - Datos Generales
E115CFG;Integração - Configuração de Integração Senior X - Agronegócio Senior;Integración - Senior X Configuración de Integración - Senior Agronegocios
E115CHA;Integração - Controle de Hash - Agronegócio Senior;Integración - Hash Control - Senior Agronegocios
E115DLS;Tabelas - Lotes selecionados para devolução;Tablas - Lotes seleccionados para devolución
E115DOC;Vendas/Compras - Controle de Entrada e Saída - Documentos Gerados;Ventas/Compras - Control de Entrada y Salida - Documentos Generados
E115ECE;Integração com a plataforma - Etapas dos registros;Integración con la plataforma - Etapas de los registros
E115EXB;Registros já integrados que estavam na tabela E115EXT são movidos para essa;Registros ya integrados que estaban en la tabla E115EXT son movidos para esa
E115EXC;Integrações com plataforma - Customizações;Integraciones con plataforma - Customizaciones
E115EXT;Vendas/Compras - Controle de Entrada e Saída - Pesagem com origem de sistema externo;Ventas/Compras - Control de Entrada y Salida - Pesaje con origen de sistema externo
E115FLA;Vendas/Compras - Controle de Entrada e Saída - Ligação Filial x Área x LPR;Ventas/Compras - Control de Entrada y Salida - Relación Sucursal x Área x LPR
E115HAS;Vendas/Compras - Controle de Entrada e Saída - Dados Gerais - Auxiliar - Hash;Ventas/Compras - Control de Entradas y Salidas - Datos Generales - Auxiliares - Hash
E115HCF;Tabela - Integrações - Hub de Royalties - Créditos de Royalties por fornecedor;Tabla - Integraciones - Royalty Hub - Créditos de regalías por proveedor
E115HRF;Tabela - Integrações - Hub de Royalties - Itens Fixados/Movimentados;Tabla - Integraciones - Centro de regalías - Elementos fijados/movidos
E115HRY;Tabela - Integrações - Hub de Royalties - Créditos de Royalties dos Participantes da Pesagem;Tabla - Integraciones - Centro de regalías - Pesaje de créditos de regalías de los participantes
E115ICG;Tabela - Integração - Itens Configuração - Agronegócio Senior;Tabla - Integración - Elementos de Configuración - Agronegocios Senior
E115ICL;Vendas/Compras - Controle de Entrada e Saída - Itens de classificação;Ventas/Compras - Control de Entrada y Salida - Ítems de clasificación
E115LEI;Logs de integração de Controles de entrada/Saida;Logs de integración de Controles de entrada/Salida
E115LGA;Vendas/Compras - Controle de Entrada e Saída - Ligação Grupo de usuários X área;Ventas/Compras - Control de Entrada y Salida - Relación Grupo de usuarios X área
E115NFC;Compras - Notas Fiscais de compra vínculadas a pesagem;Compras - Facturas de compra vinculadas al pesaje
E115NOX;Tabela - Integrações - OriginaçãoX - Notas Fiscais de Entrada;Tabla - Integraciones - OriginaciónX - Facturas de Entrada
E115OBS;Vendas/Compras - Controle de Entrada e Saída - Observações;Ventas/Compras - Control de Entrada y Salida - Observaciones
E115OCP;Compras - Ordens de compra vínculadas a pesagem;Compras - Órdenes de compra vinculadas al pesaje
E115PAR;Vendas/Compras - Controle de Entrada e Saída - Participantes da Pesagem;Ventas/Compras - Control de Entrada y Salida - Participantes del Pesaje
E115PFO;Vendas/Compras - Fornecedores Participantes;Ventas/Compras - Proveedores Participantes
E115PIC;Painel de Integração - Comandos Personalizados;Panel de integración: comandos personalizados
E115PRC;Agronegócio - Lote de processamento;Agronegocio - Lote de procesamiento
E115PRI;Tabela - Integração - Pendencias Itens Produtores Rurais - Agronegócio Senior;Cuadro - Integración - Partidas Pendientes Productores Rurales - Altos Agronegocios
E115PRL;Tabela - Integração - Log - Agronegócio Senior;Tabla - Integración - Registro - Agronegocios Senior
E115PRL_HIS;Tabela - Histórico - Integração - Log - Agronegócio Senior;Tabla - Historia - Integración - Bitácora - Agronegocios Senior
E115PRO;Vendas/Compras - Controle de Entrada e Saída - Produtos/Derivação;Ventas/Compras - Control de Entrada y Salida - Productos/Derivación 
E115PRP;Tabela - Integração - Pendencias Produtores Rurais - Agronegócio Senior;Cuadro - Integración - Productores Rurales Pendientes - Agronegocios Senior
E115PRU;Tabela - Integração - Produtores Rurais - App do Produtor;Tabla - Integración - Productores Rurales - App Productor
E115PXA;Vendas/Compras - Controle de Entrada e Saída - Produtos X Acréscimos Financeiros;Ventas/Compras - Control de Entrada y Salida - Productos X Incrementos Financieros
E115ROY;Vendas/Compras - Controle de Entrada e Saída - Créditos de Royalties dos Participantes da Pesagem;Ventas/Compras - Control de Entradas y Salidas - Créditos de Regalías para los Participantes de Pesaje
E115TAX;Taxas na devolução;Tasas en la devolución
E115YAR;Vendas/Compras - Controle de Entrada e Saída - Áreas integradas com o YMS;Ventas/Compras - Control de Entrada y Salida - Áreas integradas con el YMS
E115YLP;Vendas/Compras - Controle de Entrada e Saída - LPRS integrados com o YMS;Ventas/Compras - Control de Entrada y Salida - LPRS integrados con el YMS
E118DCA;Assistência técnica - Notas fiscais da ocorrência;Asistencia técnica - Facturas de la ocurrencia
E118ENO;Assistência Técnica/Controle Garantia - Equipamentos Necessários;Asistencia Técnica/Control Garantía - Equipos Necesarios
E118GAR;Assistência Técnica/Controle Garantia - Garantias;Asistencia Técnica/Control Garantía - Garantías
E118IOC;Assistência Técnica/Controle Garantia - Itens da Ocorrência;Asistencia Técnica/Control Garantía - Ítems del Evento
E118OCR;Assistência Técnica/Controle Garantia - Registro de Ocorrências e Acompanhamento (Follow-up);Asistencia Técnica/Control Garantía - Registro de Eventos y Acompañamiento (Follow-up)
E118PSI;Assistência Técnica/Controle Garantia - Produtos e Serviços Necessários;Asistencia Técnica/Control Garantía - Productos y Servicios Necesarios
E118SUB;Assistência técnica - Itens substitutos;Asistencia técnica - Elementos sustitutos
E118TOC;Assistência Técnica/Controle Garantia - Trâmites do registro de ocorrência;Asistencia Técnica/Control Garantía - Trámites del registro de evento
E119CMN;Vendas - Orçamentos - Componentes;Ventas - Presupuestos - Componentes
E119IPR;Vendas - Orçamentos - Itens - Reforma tributária;Ventas - Presupuestos - Ítems - Reforma tributaria 
E119ISR;Vendas - Orçamentos - Solicitações de orçamentos - Itens;Ventas - Presupuestos - Solicitudes de presupuestos - Ítems
E119IVC;Vendas - Orçamentos - Valores Complementares por Item;Ventas - Presupuestos - Valores Complementares por Ítems
E119OBS;Vendas - Orçamentos - Observações;Ventas - Presupuestos - Observaciones
E119OCI;Vendas - Orçamentos - Itens;Ventas - Presupuestos - Ítems
E119OCT;Vendas - Orçamentos - Dados Gerais;Ventas - Presupuestos - Datos Generales
E119OMN;Vendas - Orçamentos - Operações;Ventas - Presupuestos - Operaciones
E119SOR;Vendas - Orçamentos - Solicitações de orçamento;Ventas - Presupuestos - Solicitudes de presupuesto
E119TPO;Vendas - Orçamentos - Parâmetros;Ventas - Presupuestos - Parámetros
E119TVC;Vendas - Orçamentos - Valores Complementares por Item;Ventas - Presupuestos - Valores Complementares por Ítems
E120AAC;Vendas - Pedidos - Aprovação da Análise de Crédito;Ventas - Pedidos - Aprobación del Análisis de Crédito 
E120AVA;Vendas - Pedidos - Avalistas;Ventas - Pedidos - Asegurados
E120BPD;Vendas - Pedidos - Bloqueios do Pedido;Ventas - Pedidos - Bloqueos del Pedido
E120DEF;Vendas - Pedidos - Defensivo Agrícula;Ventas - Pedidos - Defensivo Agrícola
E120DLS;Vendas - Pedidos - Entrada, Vencimento, Lote, Série;Ventas - Pedidos - Entrada, Vencimiento, Lote, Serie
E120EAC;Vendas - Pedidos - Envio do Pedido para Análise de Crédito Externa;Ventas - Pedidos - Envió del Pedido para Análisis de Crédito Externa
E120EAP;Vendas - Pedidos - Envio de Parcelas para Análise de Crédito Externa;Ventas - Pedidos - Envió de Cuotas para Análisis de Crédito Externa
E120EBP;Vendas - Pedidos - Embarques do Pedido;Ventas - Pedidos - Embarques del Pedido
E120EEB;Vendas - Pedidos - Embalagens para Embarque;Ventas - Pedidos - Empaque para Embarque
E120EIP;Vendas - Exclusões de Itens de Produto;Ventas - Exclusiones de Elementos de Producto 
E120EMB;Vendas - Pedidos - Embalagens;Ventas - Pedidos - Empaques
E120EPD;Vendas - Pedidos - Conteúdo das Embalagens;Ventas - Pedidos - Contenido de los Empaques
E120EPE;Vendas - Exclusões de Pedidos;Ventas - Exclusiones de Pedidos 
E120FPP;Vendas - Pedidos - Fila paralela para geracao de notas/pré-faturas;Ventas - Pedidos - Cola paralela para generación de facturas/prefacturas
E120IEB;Vendas - Pedidos - Itens do Embarque;Ventas - Pedidos - Ítems del Embarque
E120INP;Vendas - Pedidos - Indicadores de negócio;Ventas - Pedidos - Indicadores de negocio
E120IPA;Vendas - Pedidos - Alterações dos Itens de Produto;Ventas - Pedidos - Alteraciones de los Ítems de Producto
E120IPD;Vendas - Pedidos - Itens de Produto;Ventas - Pedidos - Ítems de Producto
E120IPM;Vendas - Pedidos - Itens abertos para MRP;Ventas - Pedidos - Ítems abiertos para MRP
E120IPR;Vendas - Pedidos - Itens de Produto - Reforma tributária;Ventas - Pedidos - Ítems de Producto - Reforma tributaria 
E120ISA;Vendas - Pedidos - Alterações dos Itens de Serviço;Ventas - Pedidos - Alteraciones de los Ítems de Servicio
E120ISP;Vendas - Pedidos - Itens de Serviço;Ventas - Pedidos - Ítems de Servicio
E120ISR;Vendas - Pedidos - Itens de Serviço - Reforma tributária;Ventas - Pedidos - Ítems de Servicio - Reforma tributaria 
E120LOP;Log de Operações em Pedidos;Registro de operaciones de pedidos
E120LPO;Vendas - Pedidos - Ligação de Pedido X Ordens Compra;Ventas - Pedidos - Conexión de Pedido X Órdenes Compra
E120MTK;Vendas - Pedidos - Movimentações Tracking;Ventas - Pedidos - Seguimiento de Movimientos
E120OBS;Vendas - Pedidos - Observações;Ventas - Pedidos - Observaciones
E120PAR;Vendas - Pedidos - Parcelas;Ventas - Pedidos - Cuotas
E120PED;Vendas - Pedidos - Dados Gerais;Ventas - Pedidos - Datos Generales
E120PPD;Vendas - Pedidos - Itens de Produto - Complementar;Ventas - Pedidos - Artículos de Productos - Complementarios
E120PUC;Vendas - Pedidos - Pedidos por Usuário na Central de Crédito;Ventas - Pedidos - Pedidos por Usuario en la Central de Crédito 
E120PXP;Vendas - Pedidos - Ligação de Pedido X Pedidos - Produtos;Ventas - Pedidos - Conexión de Pedido X Pedidos
E120PXS;Vendas - Pedidos - Ligação de Pedido X Pedidos - Serviços;Ventas - Pedidos - Conexión de Pedido X Pedidos - Servicios
E120RAT;Vendas - Pedidos - Rateios;Ventas - Pedidos - Prorrateos
E120REI;Vendas - Pedidos - Itens de Produto - Dados dos itens da Receita;Ventas - Pedidos - Ítems de Producto - Datos de los ítems del Ingreso
E120SCF;Vendas - Pedidos - Controle da simulação de frete;Ventas - Pedidos - Control de la simulación de flete
E120SGF;Vendas - Pedidos - Controle das sugestões de frete recebidas da simulação;Ventas - Pedidos - Control de las sugerencias de flete recibidas de la simulación
E120SPA;Vendas - Pedidos - Situação Pedido na Análise de Crédito;Ventas - Pedidos - Situación Pedido en el Análisis de Crédito
E120TMS;Tabelas - Integrações - Calculo de frete com o TMS;Tablas - Integraciones - Calculo de flete con el TMS
E120TRK;Vendas - Pedidos - Tracking;Ventas - Pedidos - Seguimiento
E120VEB;Vendas - Pedidos - Veículos do Embarque;Ventas - Pedidos - Vehículos para el Embarque
E130AGS;Vendas - Controle de Metas - Parâmetros - Agrupamentos e Tipos de Serviços;Ventas - Control de Metas - Parámetros - Agrupamientos y Tipos de Servicios
E130CCR;Vendas - Cotas - Controle por Representante;Ventas - Cuotas - Control por Representante
E130COT;Vendas - Cotas - Por Mês dos Representante;Ventas - Cuotas - Por Mes de los Representantes
E130CSU;Vendas - Controle de Metas - Parâmetros - Categoria do Representante (base);Ventas - Control de Metas - Parámetros - Categoría del Representante (base)
E130DME;Vendas - Controle de Metas - Parâmetros - Gerais;Ventas - Control de Metas - Parámetros - Generales
E130HFI;Vendas - Controle de Metas - Parâmetros - Filiais;Ventas - Control de Metas - Parámetros - Sucursales
E130PME;Vendas - Controle de Metas - Períodos de Apuração;Ventas - Control de Metas - Períodos de Evaluación
E130PMT;Vendas - Controle de Metas - Parâmetros - Índice esperado dentro do Período(PMT);Ventas - Control de Metas - Parámetros - Índice esperado dentro del Período(PMT)
E130REP;Vendas - Controle de Metas - Parâmetros - Representantes (vendedores);Vendas - Controle de Metas - Parámetros - Representantes (vendedores)
E130VEN;Vendas - Cotas - Vendas do Mês por Representante;Ventas - Cuotas - Ventas del Mes por Representantes
E131CPH;Vendas - Comissionamento - Produtos - Percentuais;Ventas ¿ Comisión  - Productos - Porcentajes
E131CSH;Vendas - Comissionamento - Serviços - Percentuais;Ventas - Comisiones - Servicios - Porcentuales
E131DCP;Vendas - Comissionamento - Produtos;Ventas - Comisiones - Productos
E131DCS;Vendas - Comissionamento - Serviços;Ventas - Comisiones - Servicios
E131PCO;Vendas - Comissionamento - Períodos de Apuração;Ventas - Comisiones - Períodos de Evaluación
E135ANE;Vendas - Análise de Embarque - Dados Gerais;Ventas - Analice de Embarque - Datos Generales
E135DLS;Vendas - Análise de Embarque - Entrada, Vencimento, Lote, Série;Ventas -  Análisis de Embarque - Entrada, Vencimiento, Lote, Serie
E135EMB;Vendas - Análise de Embarque - Embalagens;Ventas - Analice de Embarque - Embalaje
E135EPD;Vendas - Análise de Embarque - Conteúdo das Embalagens;Ventas - Análisis de Embarque - Contenido de Embalajes
E135FPP;Vendas - Pré-Faturas - Fila paralela para geracao de notas fiscais;Ventas - Pre-Facturas - Cola paralela para generación de facturas
E135IPR;Vendas - Analise - Itens de Produto - Reforma tributária;Ventas - Análisis - Ítems de Producto - Reforma tributaria 
E135LCR;Vendas - Análise de Embarque - Controle de Lacres;Ventas - Análisis de Embarque - Control de sello de seguridad
E135LEI;Vendas - Análise de Embarque - Histórico de Leituras;Ventas - Análisis de Embarque - Histórico de Lecturas
E135LOP;Log de Operações em Analises;Análisis del registro de operaciones
E135OBS;Vendas - Analise de Embarque - Observações Pré-Faturas;Ventas - Análisis de Embarque - Observaciones Pre Facturas
E135PAR;Vendas - Análise de Embarque - Parcelas;Ventas - Análisis de Embarque - Cuotas
E135PEN;Vendas - Distribuição - Cargas - Ligação de Pendências a Carga;Ventas - Distribución - Cargas - Conexión de Pendencias de la Carga
E135PES;Vendas - Análise de Embarque - Itens de Produto e Serviço;Ventas - Análisis de Embarque - Elementos de Producto y Servicio
E135PFA;Vendas - Análise de Embarque - Pré-faturas;Ventas - Análisis de Embarque - Pre-facturas
E135PLA;Vendas - Análise de Embarque - Placas;Ventas - Análisis de Embarque - Placas
E135RAT;Vendas - Análise de Embarque - Rateios;Ventas - Análisis de Embarque - Prorrateos
E140ADE;Vendas - Ações do Documento Eletronico;Ventas - Acciones del Documento Electrónico
E140ANF;Tabelas - Notas Fiscais de Saída - NFCom;Tablas - Facturas salientes - NFCom
E140ANT;Vendas - Nota Fiscal de Saída - Dados do Conhecimento de Transporte - Documentos Anteriores;Ventas - Factura de salida - Datos del Conocimiento de Transporte - Documentos Anteriores
E140ATR;Vendas - Notas Fiscais de Saída - Atributos da Venda;Ventas - Facturas de Salida - Atributos de la Venta
E140AUT;Vendas - Notas Fiscais de Saída - Dados Gerais - Autorizados Download XML;Ventas - Facturas de salida - Datos Generales - Autorizados Download XML
E140AVA;Vendas - Notas Fiscais de Saída - Avalistas;Ventas - Facturas de salida - Asegurador
E140AVB;Vendas - Notas Fiscais de Saída - Informações de seguro - Averbações;Ventas - Facturas Fiscales de Salida - Informaciones de seguro - anotaciones
E140CCE;Vendas - Notas Fiscais de Saída - Controle de eventos de documentos eletrônicos;Ventas - Facturas de Salida - Control de eventos de documentos electrónicos
E140CCN;Vendas - Notas Fiscais de Saída - Notas fiscais referenciadas a eventos de documentos eletrônicos;Ventas - Facturas salientes - Facturas referenciadas a eventos de documentos electrónicos
E140CCP;Vendas - Notas Fiscais de Saída - Controle de eventos de documentos eletrônicos - Produtos do Documento;Ventas - Facturas de Salida - Control de eventos de documentos electrónicos - Productos del Documento
E140CCS;Vendas - Notas Fiscais de Saída - Controle de eventos de documentos eletrônicos - Serviços do Documento;Ventas - Facturas de Salida - Control de eventos de documentos electrónicos - Servicios del Documento
E140CCT;Vendas - Nota Fiscal de Saída - Composição do Conhecimento de Transporte;Ventas - Comprobante Fiscal de Salida - Composición de Conocimiento del Transporte
E140CEC;Vendas - Notas Fiscais de Saída - Controle de eventos de documentos eletrônicos - Eventos do conhecimento de transporte eletrônico; - Control de conceptos de documentos electrónicos - Conceptos de conocimiento de trasporte electrónico
E140CMC;Vendas - Notas Fiscais de Saída - Controle de Movimento de Cooperado;Ventas - Facturas de Salida - Control de Movimiento del Cooperado
E140CMP;Vendas - Nota Fiscal de Saída - Dados do Conhecimento de Transporte - Componentes do Valor da Prestação;Ventas - Factura de salida - Datos del Conocimiento de Transporte - Componentes del Valor de la prestación
E140CPK;Vendas - Notas Fiscais de Saída - Componentes do Produto KIT;Ventas - Facturas de Salida - Componentes do Producto KIT
E140CPR;Tabelas - Integrações - Detalhamento Venda Cartão Presente;Tablas - Integraciones - Detalles Venta Tarjeta Regalo
E140CTE;Vendas - Nota Fiscal de Saída - Dados do Conhecimento de Transporte;Ventas - Factura de salida - Datos del reconocimiento de Transporte
E140DCF;Vendas - Notas Fiscais de Saída - Dados Gerais - Dados Cupom Fiscal;Ventas - Facturas de Salida - Datos Generales - Datos Comprobante Fiscal
E140DEC;Tabelas - Notas Fiscais de Saída - Notas de Débito e Crédito;Tablas - Facturas de Salida - Notas de Débito y Crédito
E140DEF;Tabelas - Notas Fiscais de Saída - Defensivo Agrícula;Tablas - Facturas de Salida - Defensivo Agrícola
E140DFP;Vendas - Notas Fiscais de Saída - Itens de Produto - Dispositivos Fiscais;Ventas - Facturas de Salida - Elementos de Producto - Dispositivos Fiscales
E140DFS;Vendas - Notas Fiscais de Saída - Itens de Serviço - Dispositivos Fiscais;Ventas - Facturas de Salida - Elementos de Servicio - Dispositivos Fiscales
E140DLS;Vendas - Notas Fiscais de Saída - Entrada, Vencimento, Lote, Série;Ventas - Facturas Venta - Entrada, Vencimiento, Lote, Serie
E140DTP;Vendas - Notas Fiscais de Saída - Detalhamento de Tributos em Produtos;Ventas - Facturas de Salida - Detalles de Tributos en Productos
E140DTS;Vendas - Notas Fiscais de Saída - Detalhamento de Tributos em Serviços;Ventas - Facturas de Salida - Detalles de Tributos en Servicios
E140EGD;Notas fiscais de saída - Erros de Geração de documento eletrônico;Facturas emitidas - Errores en la generación de documentos electrónicos
E140EIP;Vendas - Exclusões de Notas Fiscais de Saída;Ventas - Exclusiones de Facturas de Salida 
E140EMB;Vendas - Notas Fiscais de Saída - Embalagens;Ventas - Facturas Venta - Empaques
E140ENT;Vendas - Controle de entregas;Ventas - Control de entregas
E140EPD;Vendas - Notas Fiscais de Saída - Conteúdo das Embalagens;Ventas - Facturas Venta - Contenido de los Empaques
E140EPT;Vendas - Notas Fiscais Saída - Embalagens/Produtos para Transferência;Ventas - Facturas Venta - Empaques/Productos para Transferencia
E140FWP;Integração WMS - Nota Fiscal de Saída - Fila de registros de cancelamento a processar;Integración WMS - Factura de Salida - Sucursal de registros de cancelación a procesar
E140HDE;Vendas - Notas Fiscais de Saída - Histórico de Documentos Eletrônicos;Ventas - Facturas de salida - Histórico de Documentos Electrónicos
E140HSW;Integração WMS - Nota Fiscal de Saída - Histórico das situações de integração com WMS;Integración WMS - Factura de Salida - Historial de las situaciones de integración con WMS
E140IAA;Vendas - Nota Fiscal de Saída - Dados do Conhecimento de Transporte - Informações adicionais do modal aéreo;Ventas - Facturas de salida - Datos del Conocimiento de Transporte - Informaciones adicionales del modo aéreo 
E140IDE;Vendas - Informações de Documentos Eletrônicos;Ventas - Informaciones de Documentos Electrónicos
E140IMP;Vendas - Notas Fiscais de Saída - Itens de Produto - Impostos;Ventas - Facturas salientes - Artículos de productos - Impuestos 
E140IPM;Vendas - Notas Fiscais de Saída - Itens de Produto - Mensagens;Ventas - Facturas de Salida - Elementos de Producto - Mensajes 
E140IPO;Vendas - Notas Fiscais de Saída - Itens de Produto - Ordens de Compra Vinculadas;Ventas - Facturas - Elementos de Producto - Ordenes de Compra Vinculadas
E140IPR;Vendas - Notas Fiscais de Saída - Itens de Produto - Reforma tributária;Ventas - Facturas de Salida - Ítems de Producto - Reforma tributaria 
E140IPV;Vendas - Notas Fiscais de Saída - Itens de Produtos;Ventas - Facturas Venta - Ítems de Productos
E140IQC;Vendas - Informações de quantidades da carga;Ventas - Informaciones de cantidades de la carga
E140ISM;Vendas - Notas Fiscais de Saída - Itens de Seviço - Mensagens;Ventas - Facturas de Salida - Elementos de Servicio - Mensajes 
E140ISR;Vendas - Notas Fiscais de Saída - Itens de Serviço - Reforma tributária;Ventas - Facturas de Salida - Ítems de Servicio - Reforma tributaria 
E140ISV;Vendas - Notas Fiscais de Saída - Itens de Serviços;Ventas - Facturas Venta - Ítems de Servicios
E140LAC;Vendas - Nota Fiscal de Saída - Lacres;Ventas - Factura de salida - Sellos
E140LNP;Vendas - Ligação Entre Itens de Produto de Notas Fiscais de Saída;Ventas - Conexión Entre Ítems de Producto de Facturas Venta
E140LNS;Vendas - Ligação Entre Itens de Serviço de Notas Fiscais de Saída;Ventas - Conexión Entre Ítems de Servicio de Facturas Venta
E140LOP;Log de Operações em Notas de Saída;Registro de operaciones en notas de salida
E140LPS;Vendas - Ligação Entre Itens de Produto e Itens de Serviço de Notas Fiscais de Saída;Ventas - Conexión Entre Ítems de Producto e Ítems de Servicio de Facturas Venta
E140MNV;Vendas - Notas Fiscais de Saída - Mensagens;Ventas - Facturas de Salida - Mensajes 
E140MTR;Vendas - Notas Fiscais de Saída - Modal de Transporte;Ventas - Facturas de Salida - Modo de Transporte
E140NEM;Vendas - Notas Fiscais de Saída - Observações de Notas Fiscais Emitidas Manualmente;Ventas - Facturas Venta - Observaciones de Facturas Emitidas Manualmente
E140NFA;Vendas - Registros de Faturamento Total Anual;Ventas: registros de ingresos anuales totales 
E140NFR;Vendas - Nota referenciada da nota fiscal de saída;Ventas -  Factura referenciada de factura de salida
E140NFV;Vendas - Notas Fiscais de Saída - Dados Gerais;Ventas - Facturas Venta - Datos Generales
E140NPA;Vendas - Nota Fiscal de Saída - Dados do Conhecimento de Transporte - Notas fiscais dos Documentos Anteriores;Ventas - Factura saliente - Datos del conocimiento de embarque - Facturas de documentos anteriores
E140NRN;Notas fiscais de saída - Notas que tiveram erro de geração em processo paralelo;Facturas salientes - Facturas que tuvieron un error de generación en un proceso paralelo
E140OBS;Vendas - Notas Fiscais de Saída - Observações;Ventas - Facturas Venta - Observaciones
E140PAR;Vendas - Notas Fiscais de Saída - Parcelas;Ventas - Facturas Venta - Cuotas
E140PAS;Vendas - Nota Fiscal de Saída - Dados do Conhecimento de Transporte - Previsão do Fluxo da Carga - Passagens;Ventas - Facturas de salida - Datos del Conocimiento de transporte - Previsión del flojo de carga - Pasajes
E140PER;Vendas - Nota Fiscal de Saída - Dados do Conhecimento de Transporte OS - Informações do percurso do CT-e;Ventas - Factura de Salida - Datos del Conocimiento de Transporte OS - Informaciones del percurso del CT-e*
E140PFE;Vendas - Notas Fiscais de Saída - Pendências de movimentação financeira executadas;Ventas - Facturas de Salida - Pendientes de movimientos financieros ejecutados
E140PME;Vendas - Notas Fiscais de Saída - Pendência de movimentação de estoque executada;Ventas - Facturas Fiscales de Salida - Pendientes de movimiento de depósito ejecutada
E140PMF;Vendas - Notas Fiscais de Saída - Pendências de movimentação financeira;Ventas - Facturas Fiscales de Salida - Pendientes de movimiento financiero
E140PMV;Vendas - Notas Fiscais de Saída - Pendência de movimentação de estoque;Ventas - Facturas de Salida - Pendientes de movimiento de stock
E140PMV_TMP;Estoques - Pendências de movimentação de estoque - Temporária;Stocks - Pendencias de movimiento de stock - Temporal
E140PPA;Vendas - Nota Fiscal de Saída - Dados do CTe - Modal Aéreo - Produto Perigoso;Ventas - Factura de Salida - Datos del CTe* - Modal Aéreo - Producto Peligroso
E140PPE;Vendas - Nota Fiscal de Saída - Dados do CTe/MDFe - Produto Perigoso;Ventas - Factura Fiscal de Salida - Datos del CTe/MDFe* - Producto Peligroso
E140PSI;Vendas - Notas Fiscais de Saída - Controle de eventos de prorrogação de suspensão de ICMS;Vendas - Facturas de Salida - Controle de eventos de prorrogación de suspensión de IVA
E140PVD;Vendas - Notas Fiscais de Saída - Itens de Produtos - Diversos;Ventas - Facturas de Salida - Elementos de Productos - Diversos
E140RAT;Vendas - Notas Fiscais de Saída - Rateios;Ventas - Facturas Venta - Prorrateos
E140RCI;Vendas - Notas Fiscais de Saída - Registro de saída de produtos para controle de impostos;Ventas - Facturas de Salida - Registro de salida de productos para control de impuestos
E140RCV;Vendas - Complementos de Venda - Nota Fiscal de Saída;Ventas - Complementos de Venda - Factura de Salida
E140REI;Vendas - Notas Fiscais de Saída - Itens de Produtos - Dados dos itens da Receita;Ventas - Facturas de Salida - Ítems de Productos - Datos de los ítems del Ingreso
E140REN;Vendas - Relacionamentos entre Notas Fiscais de Saída;Ventas - Relaciones entre Facturas Venta
E140ROP;Vendas - Relacionamento da nota fiscal de retorno de industrialização com as ordens de produção;Ventas - Relación entre la factura de devolución de industrialización y las órdenes de producción
E140SEG;Vendas - Notas Fiscais de Saída - Informações de seguro;Ventas - Facturas de Salida - Informaciones de seguro
E140SIW;Integração WMS - Nota Fiscal de Saída - Situação da integração com WMS;Integración WMS - Factura de Salida - Situación de la integración con WMS
E140TAX;Vendas - Notas Fiscais de Saída - Itens de Produtos - Taxas;Ventas - Facturas Venta - Ítems de Productos - Tasas
E140TER;Vendas - Notas Fiscais de Saída - Itens de Produtos - Terminais Adicionais NFCom;Ventas - Facturas salientes - Artículos de productos - Terminales NFCom adicionales
E140TNF;Tabelas - Notas Fiscais de Saída - Diversos;Tablas - Facturas de Salida - Totalizadores
E140TSV;Vendas - Notas Fiscais de Saída - Itens de Produtos - NF Taxas Serviço;Ventas - Facturas de Salida - Elementos de Productos - FF Tarifas Servicios
E140UNC;Vendas - Nota Fiscal de Saída - Composição do Conhecimento de Transporte - Unidades de Carga;Ventas - Factura de salida- Composición del conocimiento de transporte - Unidades de Carga
E140UNT;Vendas - Nota Fiscal de Saída - Composição do Conhecimento de Transporte - Unidades de Transporte;Ventas - Factura de salida - Composición del conocimiento de Transporte - Unidades de Transporte
E140VFE;Tabelas - Notas Fiscais de SaÃ­da - Valores de Financiamento Externo;Tablas - Facturas de Salí­da - Valores de Financiamiento Externo
E140VPE;Vendas - Nota Fiscal de Saída - Vale Pedágio;Ventas - Factura de Salida - Bono Peaje
E140VTR;Vendas - Nota Fiscal de Saída - Dados do Conhecimento de Transporte - Veículos Transportados;Ventas - Factura de salida - Datos del Conocimiento de transporte - Vehículos Transportados
E143CHE;Distribuidor - Romaneio de Acerto - Cheques;Distribuidor - Remisión de Ajuste - Cheques
E143DEV;Distribuidor - Romaneio de Acerto - Devoluções;Distribuidor - Remisión de Ajuste - Devoluciones
E143DIA;Distribuidor - Romaneio de acerto - Diárias do motorista;Distribuidor - Remisión de Ajuste - diarias del conductor
E143DUP;Distribuidor - Romaneio de Acerto - Duplicatas;Distribuidor - Remisión de Ajuste - Copia Facturas
E143DVI;Distribuidor - Romaneio de Acerto - Despesas de Viagem;Distribuidor - Remisión de Ajuste - Gastos de Viaje
E143IPV;Distribuidor - Romaneio de Acerto - Itens de Notas Fiscais de Saída;Distribuidor - Remisión de Ajuste - Ítems de Facturas de Venta
E143LCN;Distribuidor - Romaneio de Acerto - Ligação do Cheque as Notas Fiscais;Distribuidor - Remisión de Ajuste - Relación del Cheque a las Facturas
E143LCT;Distribuidor - Romaneio de Acerto - Ligação do Cheque aos Títulos;Distribuidor - Remisión de Ajuste - Relación del Cheque a los Títulos
E143NFV;Distribuidor - Romaneio de Acerto - Notas Fiscais de Saída;Distribuidor - Remisión de Ajuste - Facturas Venta
E143PAG;Distribuidor - Romaneio de acerto - Contas a pagar;Distribuidor - Remisión de Ajuste - Cuentas a Pagar
E143PEN;Distribuidor - Romaneio de Acerto - Pendências;Distribuidor - Remisión de Ajuste - Pendencias
E143ROM;Distribuidor - Romaneio de Acerto - Dados Gerais;Distribuidor - Remisión de Ajuste - Datos Generales
E143TRO;Distribuidor - Romaneio de Acerto - Troco;Distribuidor - Remisión de Ajuste - Cambio
E143VAL;Distribuidor - Romaneio de Acerto - Vales;Distribuidor - Remisión de Ajuste - Cupón/Vale
E145CCD;Vendas - Controle de Embarques - Carga e Descarga;Ventas - Control de Embarques - Carga y Descarga
E145CLD;Vendas - Controle de Embarques - Local de Descarregamento;Ventas - Control de Embarques - Local de Descargue
E145CMP;Vendas - Controle de Embarques - Componentes do Pagamento;Ventas - Control de Embarques - Componentes del Pago
E145EBQ;Vendas - Controle de Embarques - Dados Gerais;Ventas - Control de Embarques - Datos Generales
E145NEX;Vendas - Controle de Embarques - Notas fiscais de saída do exportador;Ventas - Control de Embarques - Factura de salida del exportador
E145NFV;Vendas - Controle de Embarques - Composição Notas Fiscais;Ventas - Control de Embarques - Composición de Facturas
E145OCE;Vendas - Controle de Embarques - Ocorrências;Ventas - Control de Embarques - Incidentes
E145PAR;Vendas - Controle de Embarques - Parcelas;Ventas - Control de Embarques - Cuotas
E145VAE;Vendas - Controle de Embarques - Valores;Ventas - Control de Embarques - Valores
E146CMP;Vendas - Carregamentos de Pedidos - Componentes do Itens do Carregamento;Ventas - Cargamentos de Pedidos - Componentes de los Ítems del Cargamento
E146CPE;Vendas - Carregamentos de Pedidos;Ventas - Cargamentos de Pedidos
E146ITE;Vendas - Carregamentos de Pedidos - Itens de Pedido;Ventas - Cargamentos de Pedidos - Ítems del Pedido
E146OBS;Vendas - Carregamentos de Pedidos - Observações;Ventas - Cargamentos de Pedidos - Observaciones
E147EIE;Varejo - Controle de Entregas - Entregas dos itens;Minorista - Control de Entregas - Entregas de los ítems
E147ENT;Varejo - Controle de Entregas - Dados Gerais;Minorista - Control de Entregas - Datos Generales
E147HIS;Varejo - Controle de Entregas - Histórico;Minorista - Control de Entregas - Histórico
E147ITE;Varejo - Controle de Entregas - Itens da Entrega;Minorista - Control de Entregas - Elementos de la Entrega
E147NFS;Varejo - Controle de Entregas - Notas Fiscais;Minorista - Control de Entregas - Facturas
E147OCO;Varejo - Controle de Entregas - Ocorrências;Minorista - Control de Entregas - Ocurrencias
E147VAE;Varejo - Controle de Entrega - Valores;Minorista - Control de Entrega - Valores
E150NFF;Vendas - Notas Fiscais Fatura - Dados Gerais;Ventas - Facturas - Datos Generales
E150NFV;Vendas - Notas Fiscais Fatura - Composição;Ventas - Facturas - Composición
E150OBS;Vendas - Notas Fiscais Fatura - Observações;Ventas - Facturas - Observaciones
E150PNF;Vendas - Notas Fiscais Fatura - Parcelas;Ventas - Facturas - Cuotas
E150RAT;Vendas - Notas Fiscais Fatura - Rateios;Ventas - Facturas - Prorrateos
E160CDV;Vendas - Contratos - Produtos/derivações válidas (produtos homologados);Ventas - Contratos Productos/derivaciones válidas (productos homologados)
E160CLI;Vendas - Contratos - Ligação clientes x contratos;Ventas - Contratos - Conexión clientes x contratos
E160CTR;Vendas - Contratos - Dados gerais;Ventas - Contratos - Datos Generales
E160CVP;Vendas - Contratos - Itens de produto;Ventas - Contratos - Ítems de producto
E160CVS;Vendas - Contratos - Itens de serviço;Ventas - Contratos - Ítems de servicio
E160EMP;Vendas - Contratos - Tabela de empenhos;Ventas - Contratos - Tabla de Pignoraciones
E160GRU;Vendas - Contratos - Grupos de produtos;Ventas - Contratos - Grupos de productos
E160IMO;Vendas - Contratos - Itens das formas de pagamento;Ventas - Contratos - Ítems de la forma de pago
E160IPR;Vendas - Contratos - Itens de Produto - Reforma tributária;Ventas - Contratos - Ítems de Producto - Reforma tributaria 
E160ISR;Vendas - Contratos - Itens de Serviço - Reforma tributária;Ventas - Contratos - Ítems de Servicio - Reforma tributaria 
E160LOG;Vendas - Contratos - Log;Ventas - Contratos - Log
E160LPS;Vendas - Contratos - Ligação dos Produtos aos Serviços do Contrato;Ventas - Contratos - Conexión de los Productos a los Servicios del Contrato
E160MAP;Vendas - Contratos - Mensagens para Agrupamentos de Produtos do Contrato;Ventas - Contratos - Mensajes para Agrupamientos de Productos del Contrato
E160OBS;Vendas - Contratos - Observações;Ventas - Contratos - Observaciones
E160PAR;Vendas - Contratos - Parcelas;Ventas - Contratos - Cuotas
E160RAT;Vendas - Contratos - Rateios;Ventas - Contratos - Prorrateos
E160REA;Vendas - Contratos - Históricos dos reajustes;Ventas - Contratos - Históricos de los reajustes
E160REP;Vendas - Contratos - Repasses para fornecedores;Ventas - Contratos - Repases para los proveedores
E160TER;Vendas - Notas Fiscais de Saída - Itens de Produtos - Terminais Adicionais NFCom;Ventas - Facturas salientes - Artículos de productos - Terminales NFCom adicionales
E170COL;Vendas - Coletas - Dados Gerais;Ventas - Búsquedas - Datos Generales
E170OBS;Vendas - Coletas - Observações;Ventas -  Búsquedas - Observaciones
E170VEI;Vendas - Coletas - Veículo e Motorista;Ventas - Búsquedas - Vehículo y Conductor
E171COT;Vendas - Coletas - Cotações de Frete;Ventas - Búsquedas - Cotizaciones de Flete
E171VEI;Vendas - Coletas - Veículos das Cotações de Frete;Ventas - Búsquedas - Vehículo de las Cotizaciones de Flete
E172IMA;Transporte - Manifesto - Itens;Transporte - Manifiesto - Ítems
E172MAN;Transporte - Manifesto - Dados Gerais;Transporte - Manifiesto - Datos Generales
E173CFR;Transporte - Carta Frete;Transporte - Carta Flete
E180CFW;Tabelas - Integrações - WMS - Cancelamento de faturamento de ordem de separação WMS;Tablas - Integraciones - WMS - Cancelación de facturación de orden de separación WMS
E180DLS;Tabelas - Integrações - WMS - Distribuição de lotes e séries;Tablas - Integraciones - WMS - Distribución de lotes y series
E180EOW;Tabelas - Integrações - WMS - Eventos de ordem WMS;Tablas - Integraciones - WMS - Eventos de orden WMS
E180IPF;Tabelas - Integrações - WMS - Itens de ordem WMS originada de pré-fatura;Tablas - Integraciones - WMS - Elementos de orden WMS originada de pre-factura
E180IPO;Tabelas - Integrações - WMS - Itens de ordem WMS originada de apontamento produção;Tablas - Integraciones - WMS - Elementos de orden WMS originada de apuntamiento producción
E180ITO;Tabelas - Integrações - WMS - Itens de ordem WMS;Tablas - Integraciones - WMS - Elementos de orden WMS
E185CFF;Integração - Operador Logístico - Ligação Classificação Fiscal x Família;Integración - Operador Logístico - Clasificación Fiscal x Conexión Familiar
E185CFG;Integração - Cadastros - Configurações - Configuração de integração ERP WMS Silt;Integración - Registros - Configuraciones - Configuración de integración ERP WMS Silt
E185CFP;Integração - Operador Logístico - Ligação Classificação Fiscal x Produto;Integración - Operador Logístico - Clasificación Fiscal x Conexión de Producto
E185GKO;Integração - Configurações - Configuração de integração ERP GKO;Integración - Configuración - Configuración de integración de GKO ERP
E185MOT;Integração - Cadastros - Configurações - Motivos de bloqueio do pedido de venda;Integración - Registros - Configuraciones - Motivos de bloqueo del pedido de venta
E185PRO;Integração - Cadastros - Produtos;Integración - Registros - Productos
E185PRS;Integração - Cadastros - Ligação de produtos;Integración - Registros - Relación de productos
E185TNS;Integração - Cadastros - Configurações - Ligação Transação x CFOP;Integración - Registros - Configuraciones - Relación Transacción x CFOP
E190HCF;Tabelas - Integrações - Varejo Terceiros - Hash Cupom Fiscal;Tablas - Integraciones - Minoristas Terceros - Hash Comprobante Fiscal
E190HPV;Tabelas - Integrações - Varejo Terceiros - Hash Pedido Venda;Tabla - Integraciones - Minorista Terceros - Hash Pedido Venta
E190HSC;Tabelas - Integrações - Varejo Terceiros - Hash Cadastro;Tabla - Integraciones - Minorista Terceros - Hash Registro
E190IPE;Itens de pedido para geração do Registros do PAF-ECF (Varejo Terceiros);Elementos de pedido para generación de Registro del PAF-ECF* (Minorista Terceros)
E191CPT;Tabelas - Integrações - Configurações Parâmetros Tipos;Tablas - Integraciones - Configuraciones Parámetros Tipos
E191CPV;Tabelas - Integrações - Configurações Parâmetros Valores;Tablas - Integraciones - Configuraciones Parámetros Valores
E191FII;Tabelas - Integrações - Flags internas de integração;Tablas - Integraciones - Banderas de integración interna
E192DRS;Tabelas - Sincronização Cadastros - Definição de registros sinc. de cadastros;Tablas - Sincronización Registros - Definición de registros sinc. de registros
E198GED;X Platfom - GED - Tipos de Arquivo para GED;Plataforma X - GED - Tipos de archivos para GED
E198GVA;X Platfom - GED - Tipos de Arquivo para GED - Variáveis Armazenamento;Plataforma X - GED - Tipos de archivos para GED - Variables de almacenamiento
E199CPM;IntegraÃ§Ã£o Senior X - Controle de processamento de mensagens;Integración Senior X - Control de procesamiento de mensajes
E199PSU;Integrações - G5 x G7 - Parâmetros para integração com Suprimentos G7;Integraciones - G5 x G7 - Parámetros para integración con Suministros G7
E199ROT;IntegraÃ§Ãµes Senior X - Rotinas;Integraciones Senior X - Rutinas
E204CUR;Estoques - Cadastro - Curvas de classificação de estoques;Acciones - Registro - Curvas de clasificación de acciones
E204FXN;Estoques - Cadastro - Ligação Família x Níveis de curvas de classificação de estoques;Acciones - Registro - Family Link x Niveles de curvas de clasificación de acciones
E204HCL;Estoques - Curvas de Classificação de Estoques - Histórico de classificação automática;Acciones - Curvas de clasificación de acciones - Historial de clasificación automática
E204NIC;Estoques - Cadastro - Níveis de curvas de classificação de estoques;Acciones - Registro - Niveles de las curvas de clasificación de acciones
E204OXN;Estoques - Cadastro - Ligação Origem x Níveis de curvas de classificação de estoques;Acciones - Registro - Enlace Origen x Niveles de las curvas de clasificación de acciones
E204PXN;Estoques - Cadastro - Ligação Produto/Derivação x Níveis de curvas de classificação de estoques;Existencias - Registro - Producto/Enlace Derivación x Niveles de las curvas de clasificación de acciones
E205DEP;Estoques - Depósitos - Cadastro;Stocks - Depósitos - Maestros
E205DXP;Estoques - Depósitos - Produtos não Permitidos;Stocks - Depósitos - Productos no Permitidos
E205DXT;Estoques - Depósitos - Ligação Depósito X Transação;Depósitos - Depósitos - Relación Depósito X Transacción
E205END;Estoques - Depósitos - Endereçamento de Produtos;Stocks - Depósitos - Dirección
E205LFD;Estoques - Depósitos - Ligações Filial x Depósito;Depósitos - Depósitos - Relación Sucursal x Depósito
E205MDE;Estoques - Depósitos - Máscaras;Stocks - Depósitos - Máscaras
E205MEN;Estoques - Depósitos - Famílias de endereçamento produto;Depósitos - Depósitos - Familias de direccionamiento producto
E205RAT;Estoques - Depósitos - Rateios;Stocks - Depósitos - Prorrateos
E207ATD;Estoques - Requisições - Tabela auxiliar de Atendimentos;Existencias - Requisiciones - Mesa de Servicios Auxiliares
E207DLS;Estoques - Requisições - Entrada, Vencimento Lote e Série;Stocks - Solicitudes - Entrada, Vencimiento Lote y Serie
E207EME;Estoques - Requisições;Stocks - Requisiciones
E207RAT;Estoques - Requisições - Rateios;Stocks - Requisiciones - Prorrateos
E210ACM;Estoques - Acúmulos Mensais (Consumo, Entradas e Devoluções);Stocks - Acúmulos Mensuales (Consumo, Entrada y Devoluciones)
E210CCA;Estoques - Cortes para controle de Análise de Reposição;Stocks - Cortes para control de Análisis de Reposición
E210CCD;Estoques - Consignações por Depósito;Stocks - Consignaciones por Depósito
E210CEI;Estoques - Controle Individual por Código de Barras;Stocks - Control Individual por Código de Barras
E210CEV;Controle de Estoque do Varejo;Control de Depósito de la venta al Por Menor  
E210CSG;Estoques - Consignações;Stocks - Consignaciones
E210CTR;Controle de Processo Sapiens Varejo;Control de Proceso Sapiens Venta al Por Menor
E210DEA;Estoques - Documentos do movimento de estoque agrupado;Stocks - Documentos del movimiento de stock agrupado
E210DLS;Estoques - Produtos por Depósito, Data Entrada/Validade, Lote e Série;Stocks - Productos por Depósito, Fecha de Entrada/ Validez, Lote y Serie
E210DRE;Estoques - Documento de reserva;Depósitos - Documento de reserva
E210EAV;Estoques - Arquivos de estoque do varejo;Depósitos - Archivos de Depósito de la Venta al Por Menor 
E210EFI;Estoques - Conteúdo das Embalagens de Estocagem (Volume);Depósitos - Contenido de los Paquetes de Deposito (Volumen)
E210EMA;Estoques - Cadastro de Análise de Evolução do Estoque Mínimo Automatizado;Acciones - Registro Automatizado de Análisis de Evolución de Acciones Mínimas
E210EMB;Estoques - Embalagens de Estocagem;Stocks - Empaques de Stock
E210END;Estoques - Estoque Negativo no dia;Stocks - Stock Negativo del día
E210EPD;Estoques - Conteúdo das Embalagens de Estocagem;Stocks - Contenido de los Embalajes de Stock
E210EST;Estoques - Produtos por Depósito;Stocks - Productos por Depósito
E210EXC;Estoques - Movimentos Excluídos;Stocks - Movimientos Excluidos
E210FEM;Estoques - Faixa de Evolução do Estoque Mínimo Automatizado;Acciones - Rango de evolución de stock mínimo automatizado
E210HEM;Estoques - Histórico de Evolução do Estoque Mínimo Automatizado;Acciones - Historial automatizado de evolución de existencias mínimas
E210HIS;Estoques - Histórico de reserva;Depósitos - Histórico de reserva
E210LFI;Estoques - Conteúdo das Embalagens de Estocagem (Volume - Lotes);Depósitos - Contenido de los Paquetes de Deposito (Volumen - Lotes)
E210LIG;Estoques - Ligação de Movimentos;Stocks - Conexión de Movimientos
E210MEA;Estoques - Movimento de estoque agrupado;Stocks - Movimiento de stock agrupado
E210MEA_TMP;Estoques - Movimento de estoque agrupado - Temporária;Stocks - Movimiento de stock agrupado - Temporal
E210MED;Estoques - Preço médio por filial;Stocks - Precio medio por sucursal
E210MIN;Estoques - Quantidades Mínimas para Reposição;Stocks - Cantidades Mínimas para Recambio
E210MMF;Estoques - Preço Médio Mensal Fixo;Depósitos - Precio Medio Mensual Fijo
E210MPM;Estoques - Movimentos - Preço Médio Depósito;Acciones - Movimientos - Precio Promedio Depósito
E210MVP;Estoques - Movimentos;Stocks - Movimientos
E210OBS;Estoques - Observações;Stocks - Observaciones
E210OSF;Estoques - Saldos físicos mensais - Observações;Stocks - Saldos físicos mensuales - Observaciones
E210PMD;Estoques - Preço Médio Depósito;Acciones - Precio Promedio Depósito
E210PNU;Estoques - Produtos Numerados;Stocks - Productos Enumerados
E210RAT;Estoques - Rateios dos Movimentos;Stocks - Prorrateos de los Movimientos
E210RES;Estoques - Produtos Reservados;Depósitos - Productos Reservados
E210SCM;Estoques - Saldos Consignados Mensais;Stocks - Saldos Consignados Mensuales
E210SFC;Estoques - Saldos Consignados Mensais por Depósito;Stocks - Saldos Consignados Mensuales por Depósito
E210SFE;Estoques - Saldos Físicos Mensais;Stocks - Saldos Físicos Mensuales
E210SLB;Estoques - Saldos da Limpeza de Base;Stocks - Saldo de la Limpieza de Base
E210TRA;Estoques - Valorização Transferências;Acciones - Transferencias de valoración
E213IQT;Estoques - Quebra Técnica - Itens;Depósitos - Quiebra Técnica - Elementos
E213QBT;Estoques - Quebra Técnica - Dados Gerais;Depósitos - Quiebra Técnica - Datos Generales
E215DET;Estoques - Detalhes de Execução de Fechamento / Atualização de Estoques;Inventarios - Detalles de ejecución de cierre / Actualización de inventario 
E215FES;Estoques - Fechamento dos Estoques;Depósito - Cierre de los Depósitos 
E215MAC;Estoques - Movimentos de Acertos não Gerados;Acciones: movimientos de impacto no generados
E215REG;Estoques - Registros de Fechamento / Atualização de Estoques;Inventarios - Registros de cierre/actualización de inventario 
E220CLS;Estoques - Inventários - Contagens por Lote e Série;Stocks - Inventarios - Recuento por Lotes y Serie
E220CON;Estoques - Inventários - Contagens;Stocks - Inventarios - Recuento
E220DCL;Estoques - Inventários - Documento das contagens por Lote e Série;Stocks - Inventarios - Documento de los recuentos por Lote y Serie
E220DLS;Estoques - Inventários - Itens de Produto - Distribuição de Lotes e Séries;Stocks - Inventarios - Ítems de Producto - Distribución de Lotes y Serie
E220DOC;Estoques - Inventários - Documentos das Contagens;Stocks - Inventarios - Documentos de los Recuentos
E220EMB;Estoques - Inventários de Embalagens - Dados Gerais;Stocks - Inventarios de Empaques - Datos Generales
E220INV;Estoques - Inventários - Dados Gerais;Stocks - Inventarios - Datos Generales
E220ITE;Estoques - Inventários - Itens de Produto;Stocks - Ítems de Producto
E220IVE;Estoques - Inventários  de Embalagens - Itens;Stocks - Inventarios  de Empaques - Ítems
E220JCO;Estoques - Inventários - Contagens - Justificativas;Depósitos - Inventario - Computo -  Justificativas
E220JLS;Estoques - Inventários - Contagens por Lote e Série - Justificativas;Depósitos - Inventarios - Computo por Lote y Serie - Justificativas
E250CTC;Cota Capital - Movimentações - Dados Gerais.;Cuota Capital - Movimientos - Datos Generales
E250DIS;Cota Capital - Movimentação Itens - Critério de Distribuição.;Cuota Capital - Movimiento Elementos - Criterio de Distribución
E250FIX;Cota Capital - Movimentações Itens - Fixação;Cuota Capital - Movimientos Elementos - Fijación
E250ICT;Cota Capital - Movimentações - Movimentação Itens;Cuota Capital - Movimientos - Movimiento Elementos
E250NFC;Cota Capital - Movimentações Itens - Nota Fisca Entrada;Cuota Capital - Movimientos Elementos - Factura Entrada
E250NFV;Cota Capital - Movimentações Itens - Nota Fisca Saída;Cuota Capital - Movimientos Elementos - Factura Salida
E250PFO;Cota Capital - Movimentações Itens - Contrato Participação Forncedor;Cuota Capital - Movimientos Elementos - Contrato Participación Proveedor
E250TCP;Cota Capital - Movimentações Itens - Contas a Pagar;Cuota Capital - Movimientos Elementos - Cuentas a Pagar
E250TCR;Cota Capital - Movimentações Itens - Contas a Receber;Cuota Capital - Movimientos Elementos - Cuentas a Recibir
E250TCT;Cota Capital - Movimentações Itens - Transferência;Cuota Capital - Movimientos Elementos - Transferencia
E250VCT;Cadastro de Valores de Cota Capital;Registro de Valores de Cuota Capital
E260PRN;Ato Cooperado - Proporcionalidade do Movimento de Ato Cooperado;Acto Cooperado - Proporcionalidad del Movimiento de Acto Cooperado
E301AVM;C. Receber - Registro do Ajuste a Valor de Mercado;C. Recibir - Registro del Ajuste a Valor de Mercado
E301AVP;C.Receber - Registro do Ajuste a Valor Presente;C. Receber - Registro de Ajuste a Valor Presente
E301BNK;C. Receber - Títulos - ERP Banking;C. Recibir - Valores - ERP Bancario
E301CCV;C. Receber - Títulos - Valores utilizados pelos clientes conveniados;Valores utilizados por los clientes conveniados
E301CTI;C. Receber - Títulos - Dados de Cobrança Pagamento;C. Recibir - Títulos - Datos de Cobranza Pago
E301HDC;C. Receber - Títulos - Histórico dos Dados de Cobrança;C. Recibir - Títulos - Histórico de los Datos de Cobranza
E301LAJ;C.Receber - Ajuste a Valor Presente - Log;C. Recibir - Ajuste a Valor Presente -  Log
E301LCR;C. Receber - Variação Cambial - Log de Processamento;C. Recibir - Variación Cambial - Log de Procesamiento
E301LVM;C.Receber - Ajuste a Valor de Mercado - Log;C.Recibir - Ajuste a Valor de Mercado - Log
E301MAR;C. Receber - Títulos - Movimentos Ajuste Valor Presente;C. Recibir - Títulos - Movimientos Ajuste Valor Presente
E301MCR;C. Receber - Títulos - Movimentos;Cuenta a Recibir - Títulos - Movimientos
E301MOR;C. Receber - Títulos - Observações;C. Recibir - Títulos - Observaciones
E301MVM;C. Receber - Títulos - Movimentos de Ajuste a Valor de Mercado;C. Recibir - Títulos - Movimientos de Ajuste a Valor de Mercado
E301MVR;C. Receber - Títulos - Movimento Variação Cambial;C. Recibir - Títulos - Movimiento Variación Cambial
E301OSU;C. Receber - Substituição - Composição;C.por Recibir - Substitución - Composición
E301RAR;C. Receber - Títulos - Rateio dos Movimentos do Ajuste Valor Presente;C. Recibir - Títulos - Prorrateo de Movimientos de Ajuste Valor Presente
E301RAT;C. Receber - Títulos - Rateios dos Movimentos;C. Recibir - Títulos - Prorrateos de los Movimientos
E301RET;C. Receber - Substituição - Dados Gerais;C. por Recibir - Substitución - Datos Generales
E301SRT;C. Receber - Títulos - Simulação da Renegociação de Títulos;C.Recibir -  Títulos - Simulación de Renegociación de Títulos
E301TAN;Tabelas - Integrações - Títulos faturados no autenticador externo;Tablas - Integraciones - Títulos facturados en el autenticador externo
E301TCR;C. Receber - Títulos - Dados Gerais;C. Recibir - Títulos - Datos Generales
E301TPC;C. Receber - Títulos - Dados de Cobrança;C. Recibir - Títulos - Datos de Cobranza
E301TPX;C. Receber - Títulos - Dados do PIX;C. Recibir - Títulos - Datos PIX
E301VCR;C. Receber - Registro da Variação Cambial;C. Recibir - Registro de la Variación Cambial
E302PAP;C. Receber - Títulos - Posições títulos analítica por Portador;C. Recibir - Títulos - Posiciones títulos analítico por Portador
E302PTP;C. Receber - Títulos - Posições títulos por Portador;C. Recibir - Títulos - Posiciones títulos por Portador
E310ECO;C. Receber - Títulos - Registro dos Títulos para Encontro de Contas;C. Recibir - Títulos - Registro de los Títulos para Encuentro de Cuentas
E310ITB;C. Receber - Instruções de Títulos p/ Banco;C. Recibir - Instrucciones de Títulos para Banco
E310ITR;C. Receber - Instruções de Preparações p/ Banco;C. Recibir - Instrucciones de Preparaciones para Banco
E310PEF;C. Receber - Títulos - Registro dos Títulos para Pendências Financeiras;C. Recibir - Títulos - Registro de los Títulos para Pendencias Financieras
E310RPR;C. Receber - Títulos - Registro dos Títulos para Preparação da CE;C. Recibir - Títulos - Registros de los Títulos para Preparación de la CE
E315CRD;Financeiro - Critério de Distribuição;Financiero - Criterio de Distribución
E315PAR;Financeiro - Critério de Distribuição - Parcelas;Financiero - Criterio de Distribución - Parcelas
E315TIT;Financeiro - Critério de Distribuição - Títulos;Financiero - Criterio de Distribución - Títulos
E320ACB;C.Receber - Cobrança - Assessorias de Cobrança;C.Recibir - Cobranza - Asesorías de Cobranza
E320ACI;C.Receber - Cobrança - Acionamentos de Clientes em Cobrança;C.Recibir - Cobranza - Accionamientos de Clientes en Cobranza
E320DMF;C.Receber - Cobrança - Definição de Metas de Cobrança por Fases;C.Recibir - Cobranza - Definición de Metas de Cobranza por Fases
E320DMG;C.Receber - Cobrança - Definição de Metas Globais de Cobrança;C.Recibir - Cobranza - Definición de Metas Globales de Cobranza
E320DMO;C.Receber - Cobrança - Definição de Metas de Cobrança por Operadores;C.Recibir - Cobranza - Definición de Metas de Cobranza por Operadores
E320FCA;C.Receber - Cobrança - Fases de Comissão das Assessorias de Cobrança;C.Recibir - Cobranza - Fases de Comisión de las Asesorías de Cobranza
E320FCB;C.Receber - Cobrança - Fases de Cobrança;C.Recibir - Cobranza - Fases de Cobranza
E320GOC;C.Receber - Cobrança - Grupo de Operadores de Cobrança;C.Recibir - Cobranza - Grupo de Operadores de Cobranza
E320LAF;C.Receber - Cobrança - Ligação de Assessorias Cobrança X Fases;C.Recibir - Cobranza - Relación de Asesorías Cobranza X Fases
E320LFO;C.Receber - Cobrança - Ligação de Operadores Cobrança X Filiais;C.Recibir - Cobranza - Relación de Operadores Cobranza X Sucursales
E320LGA;C.Receber - Cobrança - Ligação de Grupo de Operadores Cobrança X Acionamentos;C.Recibir - Cobranza - Relación de Grupo de Operadores Cobranza X Accionamientos
E320LGO;C.Receber - Cobrança - Ligação de Operadores de Cobrança X Grupos de Empresas;C.Recibir - Cobranza - Relación de Operadores de Cobranza X Grupo de Empresas
E320LOC;C.Receber - Cobrança - Ligação de Operadores de Cobrança X Clientes;C.Recibir - Cobranza - Relación de Operadores de Cobranza X Clientes
E320LOE;C.Receber - Cobrança - Ligação de Operadores de Cobrança X Estados;C.Recibir - Cobranza - Relación de Operadores de Cobranza X Provincia
E320LOF;C.Receber - Cobrança - Ligação de Operadores Cobrança X Fases;C.Recibir - Cobranza - Relación de Operadores Cobranza X Fases
E320LOG;C.Receber - Cobrança - Ligação de Operadores Cobrança X Grupo;C.Recibir - Cobranza - Relación de Operadores Cobranza X Grupo
E320LOP;C.Receber - Cobrança - Ligação de Operadores de Cobrança X CEP;C.Recibir - Cobranza - Relación de Operadores de Cobranza X CP
E320LOR;C.Receber - Cobrança - Ligação de Operadores de Cobrança X CNPJ Raiz;C.Recibir - Cobranza - Relación de Operadores de Cobranza por CNPJ* Raíz
E320OCB;C.Receber - Cobrança - Operadores de Cobrança;C.Recibir - Cobranza - Operadores de Cobranza
E320OPC;C.Receber - Cobrança - Órgãos de Proteção ao Crédito;C.Recibir - Cobranza - Órganos de Protección al Crédito
E320PMF;C.Receber - Cobrança - Premiação de Metas de Cobrança por Fases;C.Recibir - Cobranza - Premiación de Metas de Cobranza por Fases
E320PMO;C.Receber - Cobrança - Premiação de Metas de Cobrança por Operador;C.Recibir - Cobranza - Premiación de Metas de Cobranza por Operador
E321ATC;C.Receber - Cobrança - Acionamento de Títulos em Cobrança;C.Recibir - Cobranza - Accionamiento de Títulos en Cobranza
E322AGR;C.Receber - Cobrança - Agrupamento de Títulos Renegociados;C. Por Cobrar - Cobranza - Agrupación de Títulos Renegociados
E322AGS;C. Receber - Cobrança - Agrupamento de Títulos Renegociados - Simulação;C. Recibir - Cobranza - Agrupamiento de Títulos Renegociados - Simulación
E322DSR;C. Receber - Cobrança - Detalhes da Simulação da Renegociação;C. Recibir - Cobranza - Detalles de la Simulación de la Renegociación
E322OTA;C.Receber - Cobrança - Ocorrência de Títulos em Assessorias de Cobrança;C.Recibir - Cobranza - Incidente de Títulos en Asesorías de Cobranza
E403EFP;Compras - Exclusões de Fornecedores por Produtos;Compras - Exclusiones de Proveedores por Productos 
E403FPP;Tabelas - Fornecedores por Produtos do Produto no fornecedor;Tablas - Proveedores por Productos del Producto en el proveedor
E403FPR;Compras - Fornecedores por Produtos;Compras - Proveedores por Productos
E403FSE;Compras - Fornecedores por Serviços;Compras - Proveedores por Servicios
E405MOD;Compras - Solicitações de Compra - Modalidades;Compras - Solicitaciones de Compra - Modalidades
E405OBS;Compras - Solicitações de Compra - Observações;Compras - Solicitaciones de Compra - Observaciones
E405PRI;Compras - Solicitações de Compra - Prioridades;Compras - Solicitaciones de Compra - Prioridades
E405RAT;Compras - Solicitações de Compra - Rateios;Compras - Solicitaciones de Compra - Prorrateos
E405SOL;Compras - Solicitações de Compra - Dados Gerais;Compras - Solicitaciones de Compra - Datos Generales
E410COT;Compras - Cotações - Preços dos Produtos e Serviços;Compras - Cotizaciones - Precios de los Productos y Servicios
E410CPE;Compras - Cotações - Parcelas de Entrega;Compras - Cotizaciones - Cuotas de Entrega
E410CSE;Compras - Cotações - Preços dos Serviços;Compras - Cotizaciones - Precios de los Servicios
E410FPC;Compras - Processo de Cotação - Fornecedores Selecionados;Compras - Proceso de Cotización - Proveedores Seleccionados
E410FXC;Faixas de Cotações por Valor;Rangos de Cotizaciones por Valor
E410LCO;Compras - Cotações - Ligação com a Ordem de Compra;Compras - Cotizaciones - Conexión con la Orden de Compra
E410LIC;Compras - Processo de Cotação - Licitações;Compras - Proceso de Cotización - Licitaciones
E410OBS;Compras - Cotações - Observações;Compras - Cotizaciones - Observaciones
E410PCT;Compras - Processo de Cotação;Compras - Proceso de Cotización
E410SAV;Compras - Cotações - Histórico de Rodadas;Compras - Cotizaciones - Historial de rondas
E420ACF;Compras - Ordens de Compra - Itens de Produto - Acréscimo Financeiro;Compras - Ordens de Compra - Itens de Produto - Acréscimo Financeiro
E420CCO;Compras - Ordens de Compra - Cotas de Compra por Competência;Compras - Órdenes de Compra - Cuotas de Compra por Período
E420DLS;Compras - Ordens de Compra - Entrada, Vencimento, Lote, Série;Compras - Órdenes de Compra - Entrada, Vencimiento, Lote, Serie
E420IPO;Compras - Ordens de Compra - Itens de Produto;Compras - Órdenes de Compra - Ítems de Producto
E420IPR;Compras - Ordens de Compra - Itens de Produto - Reforma tributária;Compras - Órdenes de Compra - Ítems de Producto - Reforma tributaria
E420ISO;Compras - Ordens de Compra - Itens de Serviço;Compras - Órdenes de Compra - Ítems de Servicio
E420ISR;Compras - Ordens de Compra - Itens de Serviço - Reforma tributária;Compras - Órdenes de Compra - Ítems de Servicio - Reforma tributaria
E420OBS;Compras - Ordens de Compra - Observações;Compras - Órdenes de Compra - Observaciones
E420OCP;Compras - Ordens de Compra - Dados Gerais;Compras - Órdenes de Compra - Datos Generales
E420OXO;Compras - Ordens de Compra - Ligação OC x OC;Compras - Órdenes de Compra - Conexión OC x OC
E420PAR;Compras - Ordens de Compra - Parcelas;Compras - Órdenes de Compra - Cuotas
E420PER;Compras - Ordens de Compra - Percentual de Participação por Fornecedor;Compras - Órdenes de Compra - Porcentual de Participación por Proveedor
E420RAT;Compras - Ordens de Compra - Rateios;Compras - Órdenes de Compra - Prorrateos
E420RIX;Tabelas - Integrações - Relac. do item da OC com a necessidade da Senior X;Tablas - Integraciones - Relac. del ítem de la OC con la necesidad de la Senior X
E420RSX;Tabelas - Integrações - Relac. do item de serviço da OC com a necessidade da Senior X;Tablas - Integraciones - Relac. del ítem de servicio de la OC con la necesidad de la Senior X
E426CLE;Compras - Coleta de Produtos em Fornecedores - Dados Gerais;Compras - Colecta de Productos en Proveedores - Datos Generales
E426ICL;Compras - Coleta de Produtos em Fornecedores - Itens;Compras - Colecta de Productos en Proveedores - Ítems
E435ACF;Agronegócio - Tabelas - Recebimento - Acréscimo Financeiro;Agronegócio - Tablas - Recibimiento - Incremento Financiero
E435BLO;Compras - Bloqueio de produtos;Compras - Bloqueo de productos
E435IBL;Compras - Bloqueio de produtos - Itens;Compras - Bloqueo de productos - Elementos
E435OBS;Compras - Observações;Compras - Observaciones
E439ACF;Agronegócio - Tabelas - Fixação de Preços - Acréscimo Financeiro;Agronegócio - Tablas - Fijación de Precios - Incremento  Financiero
E439FIX;Compras - Fixação de Preços;Compras - Fijación de Precios
E439IPF;Tabelas - Itens de Proposta de Fixação;Tablas - Elementos de propuesta de accesorios
E439IPO;Itens de Produto da Fixação;Elementos de Producto de la Fijación
E439LPF;Tabelas - Log de Erros - Itens de Proposta de Fixação;Tablas - Registro de errores - Corrección de elementos de propuesta
E439PAR;Compras - Fixação de Preços - Parcelas;Compras - Fijación de Precios - Cuotas
E439PRF;Compras - Tabelas - Proposta de Fixação;Compras - Tablas - Propuesta de fijación
E439TAX;Compras - Fixação de Preços - Taxas - Itens;Compras - Fijación de Precios - Tasas - Ítems
E440AVB;Compras - Notas Fiscais de Entrada - Seguro da Carga - Averbação;Compras - Facturas de Entrada - Seguro de la Carga - Inscripción
E440CCE;Compras - Notas Fiscais de Entrada - Controle de eventos de documentos eletrônicos;Compras - Facturas de Entrada - Control de eventos de documentos electrónicos
E440CCP;Notas Fiscais de Entrada - eventos de documentos eletrônicos - Produtos do Documento;Facturas de Entrada - eventos de documentos electrónicos - Productos del Documento
E440CCS;Notas Fiscais de Entrada - eventos de documentos eletrônicos - Serviços do Documento;Facturas de Entrada - eventos de documentos electrónicos - Servicios del Documento
E440CDV;Compras - Contagens de Produtos - Divergências;Compras - Conteos de Productos - Divergencias
E440CEC;Compras - Notas Fiscais de Entrada - Controle de eventos de documentos eletrônicos - Eventos do conhecimento de transporte eletrônico;Compras - Facturas de Entrada - Control de eventos de documentos electrónicos - Eventos del conocimiento de transporte electrónico
E440CMC;Compras - Notas Fiscais de Entrada - Controle de Movimento de Cooperado;Compras - Notas Fiscales de Entrada - Control de Movimiento de Cooperado
E440CMP;Compras - Notas Fiscais de Entrada - Manifesto Documento Fiscal - Componentes do Pagamento;Compras - Facturas de Entrada - Manifiesto Documento Fiscal - Componentes del Pago
E440CNF;Compras - Contagens de Produtos - Notas Conferência;Compras - Conteos de Productos - Facturas de Verificaciones
E440CNT;Compras - Contagens de produtos - Dados Gerais;Compras - Recuento de productos - Datos Generales
E440DAC;Compras - Notas Fiscais de Entrada - Dias de Aquisição de Cana;Compras - Entrada de Facturas - Jornadas de Adquisición de Caña
E440DCI;Compras - Notas Fiscais de Entrada - Detalhamento por Classificação dos Itens;Compras - Facturas entrantes - Detalle por clasificación de artículos
E440DDC;Compras - Notas Fiscais de Entrada - Taxas e Contribuições Cana de Açúcar;Compras - Facturas de Entrada - Tasas y Contribuciones de la Caña de Azúcar
E440DEC;Tabelas - Notas Fiscais de Entrada - Notas de Débito e Crédito;Tablas - Facturas de Entrada - Notas de Débito y Crédito
E440DFP;Compras - Notas Fiscais de Entrada - Itens de Produto - Dispositivos Fiscais;Compras - Facturas de Entrada - Elementos de Producto - Dispositivos Fiscales
E440DFS;Compras - Notas Fiscais de Entrada - Itens de Serviço - Dispositivos Fiscais;Compras - Facturas de Entrada - Elementos de Servicio - Dispositivos Fiscales
E440DLS;Compras - Notas Fiscais de Entrada - Entrada, Vencimento, Lote, Série;Compras - Facturas de Proveedor - Entrada, Vencimiento, Lote, Serie
E440DPR;Compras - Nota Fiscal de Entrada - Documento Fiscal Produtor Rural;Compras - Factura de Entrada - Documento Fiscal Productor Rural
E440EED;Compras - Notas Fiscais de Entrada - Recibo de Pagamento Autônomo de Terceiros;Compras - Facturas de Entrada - Recibo de Pago Autónomo de Terceros
E440EXF;Compras - Notas Fiscais de Entrada - Ligação Notas de Frete;Compras - Facturas de Proveedor - Conexiones Comprobantes de Flete
E440EXS;Compras - Ligação entre nota de entrada e nota de saída;Compras - Relación entre factura de entrada y factura de salida
E440HAR;Compras - Notas Fiscais de Entrada - Histórico de arredondamento;Compras - Facturas de Entrada - Histórico de redondeo
E440ICT;Compras - Contagens de Produtos - Itens;Compras - Recuento de productos - Ítems
E440IMD;Compras - Notas Fiscais de Entrada - Itens de Manifesto Documento Fiscal;Compras - Facturas de Entrada - Elemento de Manifiesto Documento Fiscal
E440IMP;Compras - Notas Fiscais de Entrada - Impostos por Produto nos itens de Nota Fiscal;Compras - Facturas entrantes - Impuestos por producto sobre artículos de factura
E440IPC;Compras - Notas Fiscais de Entrada - Itens de Produto;Compras - Facturas de Proveedor - Ítems de Producto
E440IPR;Compras - Notas Fiscais de Entrada - Itens de Produto - Reforma tributária;Compras - Facturas de Entrada - Ítems de Producto - Reforma tributaria
E440IRO;Compras - Notas Fiscais de Entrada - Créditos de Royalties dos Itens de Produto;Compras - Facturas entrantes - Créditos de regalías de productos
E440ISC;Compras - Notas Fiscais de Entrada - Itens de Serviço;Compras - Facturas de Proveedor - ítems de Servicio
E440ISR;Compras - Notas Fiscais de Entrada - Itens de Serviço - Reforma tributária;Compras - Facturas de Entrada - Ítems de Servicio - Reforma tributaria
E440LAC;Compras - Notas Fiscais de Entrada - Itens de Manifesto Lacres;Compras - Facturas de Entrada - Elementos de Manifiesto Sellos
E440LCR;Compra/Serviços - Notas Fiscais de Entrada - Itens de Produto - Ligação Entre Itens de Produto de Notas Fiscais de Entrada por Compra/Serviço e Retorno.;Compra/Servicios - Facturas entrantes - Artículos de producto - Enlace entre artículos de producto de facturas entrantes por compra/servicio y devolución.
E440LNP;Compras - Ligação Entre Itens de Produto de Notas Fiscais de Entrada;Compras - Conexión Entre Ítems de Producto de Facturas de Proveedor
E440LNS;Compras - Ligação Entre Itens de Serviço de Notas Fiscais de Entrada;Compras - Conexión Entre Ítems de Servicio de Facturas de Proveedor
E440LPN;Compras - Ligação Entre Itens de Produto de Notas Fiscais de Entrada e Saída;Compras - Relación Entre Elementos de Producto de Facturas de Entrada y Salida
E440LSN;Compras - Ligação Entre Itens de Serviço de Notas Fiscais de Entrada e Saída;Compras - Relación Entre Elementos de Servicio de Facturas de Entrada y salida
E440MDE;Compras - Controle de eventos da manifestação do destinatário;Compras - Control de eventos da mantenimiento del destinatario
E440MDF;Compras - Notas Fiscais de Entrada - Manifesto Documento Fiscal;Compras - Facturas de Entrada - Manifiesto Documento Fiscal
E440MDP;Compras - Notas Fiscais de Entrada - Manifesto Documento Fiscal - Parcelas;Compras - Facturas de Entrada - Manifiesto Documento Fiscal - Cuotas
E440MNC;Compras - Notas Fiscais de Entrada - Mensagens;Compras - Facturas de Entrada - Mensajes
E440NFC;Compras - Notas Fiscais de Entrada - Dados Gerais;Compras - Facturas de Proveedor - Datos Generales
E440NFG;Compras - Notas Fiscais de Entrada - Dados Gerais - Extensão;Compras - Facturas de Entrada - Datos Generales - Extensión
E440NFR;Compras - Nota referenciada da nota fiscal de entrada;Compras - Factura referenciada de factura de entrada
E440NIM;Compras - Notas Fiscais de Entrada - Impostos item de Produto da Nota Fiscal;Compras - Facturas entrantes - Impuestos Producto de la Factura
E440OBS;Compras - Notas Fiscais de Entrada - Observações;Compras - Facturas de Proveedor - Observaciones
E440PAR;Compras - Notas Fiscais de Entrada - Parcelas;Compras - Facturas de Proveedor - Cuotas
E440PCD;Compras - Notas Fiscais de Entrada - Itens de Produto - Diversos;Compras - Facturas de Entrada - Elementos de Producto - Diversos
E440PPE;Compras - Nota Fiscal de Entrada - Dados do MDFe - Produto Perigoso;Compras - Factura de Entrada - Datos del MDFe* - Producto Peligroso
E440RAC;Compras - Notas Fiscais de Entrada - Registro de Aquisição de Cana;Compras - Entradas de Facturas - Registro de Adquisiciones de Caña de Azúcar
E440RAT;Compras - Notas Fiscais de Entrada - Rateios;Compras - Facturas de Proveedor - Prorrateos
E440RCI;Compras - Notas Fiscais de Entrada - Registro de Entrada de produtos para controle de impostos;Compras - Facturas de Entrada - Registro de Entrada de productos para control de impuestos
E440RMD;Compras - Notas Fiscais de Entrada - Rotas do Manifesto Documento Fiscal;Compras - Facturas de Entrada - Rutas del Manifiesto Documento Fiscal
E440SEG;Compras - Notas Fiscais de Entrada - Itens de Manifesto Seguro da Carga;Compras - Facturas de Entrada - Elementos de Manifiesto Seguro de la Carga
E440TAX;Compras - Notas Fiscais de Entrada - Itens de Produtos - Taxas;Compras - Facturas de Entrada - Elementos de Productos - Tasas
E440TSV;Compras - Notas Fiscais de Entrada - Itens de Produtos - NF Taxas Serviço;Compras - Facturas de Entrada - Elementos de Productos - FF Interés Servicio
E440UNC;Compras - Notas Fiscais de Entrada - Itens de Manifesto Unidades de Carga;Compras - Facturas de Entrada - Elementos de Manifiesto Unidades de Carga
E440UNT;Compras - Notas Fiscais de Entrada - Itens de Manifesto Unidades de Transporte;Compras - Facturas de Entrada - Elementos de Manifiesto Unidades de Transporte
E440VPE;Compras - Nota Fiscal de Entrada - Manifesto de Documentos Fiscais - Vale Pedágio;Compras - Factura de Entrada - Manifiesto de Documentos Fiscales - Bono Peaje
E440VPP;Compras - Notas Fiscais de Entrada - Valorização - Produto;Compras - Facturas Proveedor - Valorización - Producto
E440VPR;Compras - Notas Fiscais de Entrada - Valorização;Compras - Facturas Proveedor - Valorización
E440VPS;Compras - Notas Fiscais de Entrada - Valorização - Serviço;Compras - Facturas Proveedor - Valorización - Servicio
E441DLS;Compras - Contagem de Produtos - Entrada, Vencimento, Lote, Série;Compras - Recuento de productos - Entrada, Vencimiento, Lote, Serie
E445NFC;Compras - Notas Fiscais de Saída utilizadas como Crédito para o produtor rural;Compras - Facturas de Salida utilizadas como Crédito para el productor rural
E445NFG;Compras - Notas Fiscais com Recuperação do Crédito;Compras - Facturas con Recuperación del Crédito
E445NFP;Compras - Notas Fiscais de Entrada utilizadas na Produção do produtor rural;Compras - Notas Fiscales de Entrada utilizadas en la Producción del productor rural
E445PAR;Compras - Parcelas para Recuperação do Crédito;Compras - Cuotas para Recuperación del Crédito
E445PRC;Compras - Processo de Controle de Créditos;Compras - Proceso de Control de Créditos
E450NFC;Compras - Notas Fiscais Fatura - Composição;Compras - Facturas  - Composición
E450NFF;Compras - Notas Fiscais Fatura - Dados Gerais;Compras - Facturas  - Datos Generales
E450PNF;Compras - Notas Fiscais Fatura - Parcelas;Compras - Facturas  - Cuotas
E450RAT;Compras - Notas Fiscais Fatura - Rateios;Compras - Facturas  - Prorrateos
E460APL;Compras - Contratos - Aplicações;Compras - Contratos - Aplicaciones
E460CCC;Tabelas - Integrações - Contrato de Compras;Tablas - Integraciones - Contrato de Compras
E460CCP;Compras - Contratos - Itens de Produto;Compras - Contratos - Ítems de Productos
E460CCS;Compras - Contratos - Itens de Serviço;Compras - Contratos - Ítems de Servicio
E460CTR;Compras - Contratos - Dados Gerais;Compras - Contratos - Datos Generales
E460DOC;Compras - Contratos - Documentos;Compras - Contratos - Documentos
E460EVE;Compras - Contratos - Eventos;Compras - Contratos - Eventos
E460HAS;Compras - Contratos - Participação Fornecedores - Auxilar - Hash;Compras - Contratos - Participación Proveedores - Asistente - Hash
E460ICL;Compras - Contratos - Itens de classificação;Compras - Contratos - Elementos de clasificación
E460IFO;Compras - Contratos - Rateio das Formas de Pagamento por Fornecedor;Compras - Contratos - Prorrateo de las Formas de Pago por Proveedor
E460IMO;Compras - Contratos - Itens das Formas de Pagamento;Compras - Contratos - Ítems de las Formas de Pago
E460IPR;Compras - Contratos - Itens de Produto - Reforma tributária;Compras - Contratos - Ítems de Producto - Reforma tributaria 
E460ISR;Compras - Contratos - Itens de Serviço - Reforma tributária;Compras - Contratos - Ítems de Servicio - Reforma tributaria 
E460OBS;Compras - Contratos - Observações;Compras - Contratos - Observaciones
E460PAR;Compras - Contrado de compras - Parcelas;Compras - Contrato de compras - Parcelas
E460PDC;Compras - Contratos - Participação Fornecedores - Distribuição Condição de Pagamento para Compra Imediata;Compras - Contratos - Participación Proveedores - Distribución Condición de Pago para Compra Inmediata
E460PFO;Compras - Contratos - Participação Fornecedores;Compras - Contratos - Participación Proveedores
E460RAT;Compras - Contratos - Rateios;Compras - Contratos - Prorrateos
E460REA;Compras - Contratos - Históricos;Compras - Contratos - Históricos
E460TAX;Compras - Contratos - Taxas no Contrato;Compras - Contratos - Tazas en Contrato
E460USU;Compras - Contratos - Usuários Liberadores de Eventos;Compras - Contratos - Usuarios Liberadores de Eventos
E501AVM;C. Pagar - Registro do Ajuste a Valor de Mercado;C. Pagar - Registro del Ajuste a Valor de Mercado
E501AVP;C.Pagar - Registro do Ajuste a Valor Presente;C. Pagar -  Registro de Ajuste a Valor Presente
E501BNK;C. Pagar - Títulos - ERP Banking;C. Pago - Valores - ERP Bancario
E501GKO;C. Pagar - Títulos - GKO;C. Pago - Valores - GKO
E501INT;Detalhes integração títulos a pagar;Detalles de integración de facturas por pagar
E501LAJ;C.Receber - Ajuste a Valor Presente - Log;C. Recibir - Ajuste a Valor Presente -  Log
E501LPA;C. Pagar - Variação Cambial - Log de Processamento;C. Pagar - Variación Cambial - Log de Procesamiento
E501LVM;C.Pagar - Ajuste a Valor de Mercado - Log;C.Pagar - Ajuste al Valor de Mercado - Log
E501MAP;C. Pagar - Títulos - Movimentos Ajuste Valor Presente;C. Pagar - Títulos - Movimientos Ajuste Valor Presente
E501MCP;C. Pagar - Títulos - Movimentos;Cuentas a Pagar - Títulos - Movimientos
E501MOP;C. Pagar - Títulos - Observações;Cuentas a Pagar - Títulos - Observaciones
E501MRT;C. Pagar - Títulos - Registro dos Movimentos de Retenção;C. Pagar - Títulos - Registro de los Movimientos de Retención
E501MVA;C. Pagar - Títulos - Movimento Variação Cambial;C. Pagar - Títulos - Movimiento Variación Cambial
E501MVM;C. Pagar - Títulos - Movimentos de Ajuste a Valor de Mercado;C. Pagar - Títulos - Movimientos de Ajuste al Valor de Mercado
E501OSU;C. Pagar - Substituição - Composição;C. Pagar - Sustitución - Composición
E501RAP;C. Pagar - Títulos - Rateios dos Movimentos do Ajuste Valor Presente;C. Pagar - Títulos - Prorrateos de Movimientos de Ajuste Valor Presente
E501RAT;C. Pagar - Títulos - Rateios dos Movimentos;Cuentas a Pagar - Títulos - Prorrateos de los Movimientos
E501RET;C. Pagar - Substituição - Dados Gerais;C. por Pagar - Sustitución - Datos Generales
E501TCP;C. Pagar - Títulos - Dados Gerais;Cuentas a Pagar - Títulos - Datos Generales
E501TRT;C. Pagar - Títulos - Controle da Retenção de Impostos;C. Pagar - Títulos - Control de la Retención de Impuestos
E501VPA;C. Pagar - Registro da Variação Cambial;C. Pagar - Registro de la Variación Cambial
E504CAP;C. Pagar - Comissões - Movimentos (Conta Corrente);Cuentas a Pagar - Comisiones - Movimientos (Cuenta Corriente)
E504RAT;C. Pagar - Comissões - Rateios dos Movimentos;Cuentas a Pagar - Comisiones - Prorrateos de los Movimientos
E504SUP;C. Pagar - Comissões - Representantes superiores;C. Pagar - Comisiones - Representantes superiores
E510ECO;C. Pagar - Títulos - Registro dos Títulos para Encontro de Contas;Cuentas a Pagar - Títulos - Registro de los Títulos para Encuentro de Cuentas
E510LPE;C. Pagar - Títulos - Log do Envio do Pagamento Eletrônico;C. Pagar - Títulos - Log del Envió do Pago Electrónico
E510RPE;C. Pagar - Títulos - Registro dos Pagamentos Eletrônicos;Cuentas a Pagar - Títulos - Registro de los Pagos Electrónicos
E600AGE;Tesouraria - Agendamento de Transferência entre Contas Internas;Tesorería - Programación de Transferencia entre Cuentas Internas
E600CCO;Tesouraria - Conta - Cadastro;Tesorería - Cuenta - Maestros
E600CCP;Tesouraria - Conta - Chaves PIXs;Tesorería - Cuenta - Claves PIX
E600CHE;Tesouraria - Preparação - Cheques/Avisos;Tesorería - Preparación - Cheques/Avisos
E600DIA;Tesouraria - Movimento - Controle de Saldo por Dia;Tesorería - Movimiento - Control de Saldo por Día
E600ICH;Tesouraria - Preparação - Composição de Cheques/Avisos;Tesorería - Preparación - Composición de Cheques/Avisos
E600MCC;Tesouraria - Movimento - Movimentações das Contas;Tesorería - Movimiento - Movimientos de las Cuentas
E600MES;Tesouraria - Movimento - Controle dos Saldos Mensais das Contas;Tesorería - Movimiento - Control de los Saldos Mensuales de las Cuentas
E600PCF;Tesouraria - Parâmetros Contas Correntes e Caixa por Filial;Tesorería - Parámetros Cuentas Corrientes y Cajas por Sucursal
E600PDR;Tesouraria - Conta - Produtor Rural;Tesorería - Cuenta - Productor Rural
E600PXT;Tesouraria - Processo X Transação;Tesorería - Proceso X Transacción
E600RAT;Tesouraria - Movimento - Rateios das Movimentações;Tesorería - Movimiento - Prorrateos de los Movimientos
E600RCH;Tesouraria - Preparação - Rateios;Tesorería - Preparación - Prorrateos
E600RCO;Tesouraria - Conta - Rateios do Cadastro das Contas;Tesorería - Cuenta - Prorrateos del Maestro de las Cuentas
E600TAL;Tesouraria - Controle de Talonário Cheques de Contas Correntes;Tesorería - Control de Chequeras de Cuentas Corrientes
E600TRF;Tesouraria - Movimento - Controle das Transferências;Tesorería - Movimiento - Control de las Transferencias
E603FEC;Finanças - Fechamento do LCDPR;Finanzas - Cierre de LCDPR
E603ILC;Finanças - Inconsistências do LCDPR;Finanzas - Inconsistencias LCDPR
E603IMC;Composição Societária dos Imóveis Rurais;Composición Societaria de los Inmuebles Rurales
E603IMR;Cadastro de Imóveis Rurais;Registro de Inmubles Rurales
E603IMV;Vigência da Composição Societária dos Imóveis Rurais;Vigencia de la Composición Societaria de los Inmuebles Rurales
E603INE;Finanças - Integralização das Notas Fiscais de Entrega Futura do LCDPR;Finanzas - Pago de Facturas de Entrega Futura LCDPR
E603LCI;Finanças - Apuração do LCDPR por Imóvel;Finanzas - Cálculo de LCDPR por propiedad
E603LCP;Finanças - Apuração do LCDPR por Produtor;Finanzas - Cálculo del LCDPR por Productor
E603LOG;Log do LCDPR;Registro LCDPR
E603LPM;Finanças - Lançamentos Manuais no LCDPR;Finanzas - Entradas manuales en LCDPR
E603RET;Finanças - Retenção - Composição Substituição - LCDPR;Finanzas - Retención - Composición de Reemplazo - LCDPR
E603SNE;Finanças - Saldo das Notas Fiscais de Entrega Futura do LCDPR;Finanzas - Saldo de Facturas de Entrega Futura LCDPR
E605BNK;Tesouraria - Extrato - Dados de integração com ERP Banking;Tesorería - Declaración - Integración de datos bancarios ERP
E605EXT;Tesouraria - Extrato - Movimentos Bancários para Conciliação;Tesorería - Extracto - Movimientos Bancarios para Conciliación
E606ACD;Financeiro - Aplicação\Captação Recursos - Atualização Diária;Financiero - Aplicación\Captación Recursos - Actualización Diaria 
E606APT;Financeiro - Aplicação\Captação Recursos - Atualizações Prestações;Financiero - Aplicación\Captación Recursos - Actualizaciones Prestaciones
E606CAC;Financeiro - Cálculo Contratos Aplicação\Captação Recursos;Financiero - Cálculo Contratos Aplicación\Captación Recursos
E606CAD;Financeiro - Aplicação\Captação Recursos - Controle Antecipação Descontos;Financiero - Aplicación\Captación Recursos - Control Anticipación Descuentos
E606CCR;Financeiro - Aplicação\Captação Recursos - Cadastro;Financiero - Aplicación \ captación Recursos - Maestro
E606CFI;Financeiro - Composição do Fundo de Investimento;Financiero - Composición del Fondo de Investimiento
E606CLP;Financeiro - Aplicação\Captação Recursos - Títulos Curto e Longo Prazo;Financiero - Aplicación\Captación Recursos - Títulos Corto y Largo Plazo
E606COE;Financeiro - Itens do Cálculo Origem do Contratos Aplicação\Captação Recursos;Financiero - Elementos del Cálculo Origen de los Contratos Aplicación\Captación Recursos
E606CXB;Tabelas - Financeiro - Aplicação\Captação Recursos - Bens em Garantia;Tablas - Financiero - Solicitud\Fondo Recaudación de fondos - Bienes en garantía
E606EFI;Financeiro - Extrato do Fundo de Investimento;Financiero - Extracto del Fondo de Inversión
E606GAR;Financeiro - Aplicação\Captação Recursos - Garantias;Financiero - Aplicación \ captación Recursos - Garantías
E606ICC;Financeiro - Itens do Cálculo do Contratos Aplicação\Captação Recursos - Seqüência;Financiero - Ítems del Cálculo del Contratos Aplicación\Captación Recursos - Secuencia
E606MAA;Financeiro - Aplicação\Captação Recursos - Movimentos Atualizações Aplicações;Financiero - Aplicación\Captación Recursos - Movimientos Actualizaciones Aplicaciones
E606MTP;Financeiro - Aplicação\Captação Recursos - Movimentações Títulos Prestações;Financiero - Aplicación\Captación Recursos - Movimientos Títulos Prestaciones
E606PAR;Financeiro - Aplicação\Captação Recursos - Parcelas;Financiero - Aplicación \ captación Recursos - Cuotas
E606PBC;Financeiro - Produto Bancário Contratos Aplicação\Captação Recursos;Financiero - Producto Bancario Contratos Aplicación\Captación Recursos
E606PBT;Financeiro - Itens da Tributação do Contratos Aplicação\Captação Recursos - Seqüência;Financiero - Ítems de la Tributación del Contratos Aplicación\Captación Recursos - Secuencia
E606PRE;Financeiro - Aplicação\Captação Recursos - Prestações;Financiero - Aplicación \ captación Recursos - Títulos
E606SAL;Financeiro - Aplicação\Captação Recursos - Saldos;Financiero - Aplicación \ captación Recursos - Saldos
E606TGA;Financeiro - Aplicação\Captação Recursos - Tipo de Garantias;Financiero - Aplicación \ captación Recursos - Tipos de Garantías
E606TPB;Financeiro - Tipos Produto Bancário Contratos Aplicação\Captação Recursos;Financiero - Tipos Producto Bancario Contratos Aplicación\Captación Recursos
E606TRE;Financeiro - Tipos Remessa Exterior Contratos Aplicação\Captação Recursos;Financiero - Tipos Remesa Exterior Contratos Aplicación\Captación Recursos
E607TRA;Tesouraria - Simulação de Transferência de Saldos Bancários - Analítico;Tesorería - Simulación de Transferencia de Saldos Bancarios - Analítico
E607TRF;Tesouraria - Simulação de Transferência de Saldos Bancários - Dados Gerais;Tesorería - Simulación de Transferencia de Saldos Bancarios - Datos Generales
E607TRS;Tesouraria - Simulação de Transferência de Saldos Bancários - Sintético;Tesorería - Simulación de Transferencia de Saldos Bancarios - Sintético
E610FCC;Tesouraria - Fluxo de Caixa - Contrato de compra;Tesorería - Flujo de Caja - Contrato de compra
E610FCH;Tesouraria - Fluxo de Caixa - Preparação da tesouraria;Tesorería - Flujo de Caja - Preparación de la tesorería
E610FCO;Tesouraria - Fluxo de Caixa - Comissões;Tesorería - Flujo de Caja - Comisiones
E610FCV;Tesouraria - Fluxo de Caixa - Contrato de venda;Tesorería - Flujo de Caja - Contrato de venta
E610FLU;Tesouraria - Fluxo de Caixa;Tesorería - Flujo de Caja
E610FMT;Tesouraria - Fluxo de Caixa - Movimentos da tesouraria;Tesorería - Flujo de Caja - Movimientos de la tesorería
E610FOC;Tesouraria - Fluxo de Caixa - Ordem de Compra;Tesorería - Flujo de Caja - Orden de Compra
E610FPD;Tesouraria - Fluxo de Caixa - Pedido;Tesorería - Flujo de Caja - Pedido
E610FTP;Tesouraria - Fluxo de Caixa - Títulos C. Pagar;Tesorería - Flujo de Caja - Títulos C. por pagar
E610FTR;Tesouraria - Fluxo de Caixa - Títulos C. Receber;Tesorería - Flujo de Caja - Títulos C. Por Pagar 
E610PRZ;Tesouraria - Fluxo de Caixa - Parâmetros da tela;Tesorería - Flujo de Caja - Parámetros de la pantalla 
E611FLU;Tesouraria - Fluxo de Caixa - Dados Gerais;Tesorería - Flujo de Caja - Datos Generales
E611FTA;Tesouraria - Fluxo de Caixa - Distribuição Títulos Anteriores;Tesorería - Flujo de Caja - Distribución Títulos Anteriores
E611RES;Tesouraria - Fluxo de Caixa - Resumo por Conta;Tesorería - Flujo de Caja - Resumen por Cuenta
E611VAL;Tesouraria - Fluxo de Caixa - Origens dos Valores;Tesorería - Flujo de Caja - Orígenes
E611VPF;Tesouraria - Fluxo de Caixa - Outros Valores Previstos Fluxo;Tesorería - Flujo de Caja - Orígenes de los Valores
E614APR;Financeiro - Controle de Aprovação Financeira;Financiero - Control de Aprobación Financiero
E614OBS;Financeiro - Controle de Aprovação Financeira - Observações;Financiero - Control de Aprobación Financiero - Observaciones
E614USU;Controle de Aprovação Multinível - Registro de Operações Efetuadas;Control de Aprobación Multinivel - Registro de Operaciones Efectuadas
E615APT;Financeiro - Projetos - Anexos Protocolo;Financiero - Proyectos - Anexos Protocolo
E615CAC;Tabelas - Financeiro - Projetos - Cadastro de Coordenador;Tablas - Financiero - Proyectos - Registro de Coordinador
E615CER;Financeiro - Projetos - Controle Entrega Relatórios;Financiero - Proyectos - Control Entrega Reportes
E615CRD;Financeiro - Projetos - Cadastro Remetente/Destinatário;Financiero - Proyectos - Registro Remitente/Destinatario
E615CSP;Financeiro - Projetos - Conciliação de Projetos;Financiero - Proyectos - Conciliación de Proyectos
E615EVO;Financeiro - Projetos - Lançamentos da Evolução de Projeto;Financiero - Proyectos - Asientos de la Evolución de Proyecto
E615FAT;Financeiro - Projetos - Faturamento X Parcelas;Financiero - Proyectos - Facturación X Cuotas
E615FFS;Financeiro - Projetos - Faturamento X Fases Executadas;Financiero - Proyectos - Facturación X Fases Ejecutadas
E615FPD;Financeiro - Projetos - Faturamento X Itens de Pedido;Financiero - Proyectos - Facturación X Ítems de Pedido
E615FPJ;Financeiro - Projetos - Fases;Financiero - Proyectos - Fases
E615GRP;Financeiro - Projetos - Grupos;Financiero - Proyectos - Grupos
E615IER;Financeiro - Projetos - Itens Entrega Relatórios;Financiero - Proyectos - Elementos Entrega Reportes
E615IPT;Financeiro - Projetos - Itens Protocolo;Financiero - Proyectos - Elementos Protocolo
E615LIN;Financeiro - Projetos - Linhas;Financiero - Proyectos - Líneas
E615OAB;Financeiro - Projetos - Preparação de orçamento para Projeto - Abertura;Financiero - Proyectos - Preparación de presupuestos para Proyecto - Apertura
E615OBS;Financeiro - Projetos - Observações/Detalhes Técnicos;Financiero - Proyectos - Observaciones/Detalles Técnicos
E615OCC;Financeiro - Projetos - Preparação de orçamento para Projeto - Contas X C.Custo;Financiero - Proyectos - Preparación de presupuesto para Proyecto - Cuentas X C. Costos
E615OOB;Financeiro - Projetos - Preparação de orçamento para Projeto- Observações/Detalhes;Financiero - Proyectos - Preparación de presupuesto para Proyecto- Observaciones/Detalles 
E615OPC;Financeiro - Projetos - Observações Prestação de Contas do Adiantamento;Financiero - Proyectos - Observaciones Prestación de Cuentas de Anticipo
E615ORC;Financeiro - Projetos - Orçamentos para Projetos;Financiero - Proyectos - Presupuestos para Proyectos
E615ORF;Financeiro - Projetos - Orçamentos - Físicos;Financiero - Proyectos - Presupuestos - Físicos
E615OSA;Financeiro - Projetos - Observações Solicitação de Adiantamento;Financiero - Proyectos - Observaciones Solicitud de Anticipo
E615OUS;Financeiro - Projetos - Preparação de orçamento para Projeto - Usuários Gestores;Financiero - Proyectos - Preparación de presupuesto para Proyecto - Usuarios Gestores
E615PCA;Financeiro - Projetos - Prestação de Contas do Adiantamento;Financiero - Proyectos - Prestación de Cuentas del Anticipo
E615PFP;Financeiro - Projetos - Pendências do Fornecedor do Projeto;Financiero - Proyectos - Pendientes del Proveedor del Proyecto
E615POF;Financeiro - Projetos - Posição dos Recursos Físicos;Financiero - Proyectos - Posición de los Recursos Físicos
E615POS;Financeiro - Projetos - Posição dos Projetos;Financiero - Proyectos - Posición de los Proyectos
E615PPE;Financeiro - Projetos - Parâmetros Pendências do Projeto;Financiero - Proyectos - Parámetros Pendientes del Proyecto
E615PPF;Financeiro - Projetos - Parâmetros Pendências do Fornecedor;Financiero - Proyectos - Parámetros Pendientes del Proveedor
E615PPJ;Financeiro - Projetos - Pendências do Projeto;Financiero - Proyectos - Pendientes del Proyecto
E615PRJ;Financeiro - Projetos - Cadastro;Financiero - Proyectos - Maestro
E615PSA;Financeiro - Projetos - Parâmetros Solicitação de Adiantamento;Financiero - Proyectos - Parámetros Solicitud de Anticipo
E615PTC;Financeiro - Projetos - Cadastro Protocolo;Financiero - Proyectos - Registro Protocolo
E615PVP;Financeiro - Projetos - Relacionamento Projetos X Produtos;Financiero - Proyectos - Relación Proyectos X Productos
E615PVS;Financeiro - Projetos - Relacionamento Projetos X Serviços;Financiero - Proyectos - Relación Proyectos X Servicios
E615PXC;Financeiro - Projetos - Relacionamento Projetos X Centro de Custos;Financiero - Proyectos - Relación Proyectos X Centro de Costos
E615PXM;Financeiro - Projetos - Prestação de Contas de Adiantamentos X Movimentos;Financiero - Proyectos - Rendir Cuentas de Anticipo X Movimientos
E615PXP;Financeiro - Projetos - Relacionamento Projetos X Plano Financeiro (Contas);Financiero - Proyectos - Relación Proyectos X Plan Financiero (Cuentas)
E615PXS;Financeiro - Projetos - Prestação de Contas X Solicitação de Adiantamento;Financiero - Proyectos - Rendir Cuentas X Solicitud de Anticipo
E615PXT;Financeiro - Projetos - Relacionamento Projetos X Tesouraria (Contas Internas);Financiero - Proyectos - Relación Proyectos X Tesorería (Cuentas Internas)
E615PXU;Financeiro - Projetos - Relacionamento Projetos X Usuários;Financiero - Proyectos - Relación Proyectos X Usuarios
E615RAF;Financeiro - Projetos - Rateios dos Lançamentos Físicos;Financiero - Proyectos - Rateo de los Asientos Físicos
E615RAT;Financeiro - Projetos - Rateios dos Lançamentos;Financiero - Proyectos - Prorrateos de los Ingresos
E615RCP;Financeiro - Projetos - Recursos Previstos;Financiero - Proyectos - Recursos Previstos
E615REC;Financeiro - Projetos - Reconhecimento de Receita (IFRS/POC);Financiero - Proyectos - Reconocimiento de Ingreso (IFRS*/POC*)
E615RIC;Financeiro - Projetos - Reconhecimento de Receita (IFRS/POC) - Origem Contrato - Itens do contrato;Financiero - Proyectos - Reconocimiento de Ingreso (IFRS*/POC) - Origen Contrato - Items del contrato
E615RIR;Financeiro - Projetos - Reconhecimento de Receita (IFRS/POC) - Origem Contrato - Rateios itens do contrato;Financiero - Proyectos - Reconocimiento de Ingreso (IFRS*/POC) - Origen Contrato - Prorrateos items del contrato
E615RLC;Financeiro - Projetos - Reconhecimento de Receita (IFRS/POC) - Lançamentos;Financiero - Proyectos - Reconocimiento de Ingreso (IFRS*/POC) - Asientos
E615ROE;Financeiro - Projetos - Reconhecimento de Receita (IFRS/POC) - Origem Evolução;Financiero - Proyectos - Reconocimiento de Ingreso (IFRS*/POC) - Origen Evolución
E615ROI;Financeiro - Projetos - Reconhecimento de Receita (IFRS/POC) - Origem Incorrido;Financiero - Proyectos - Reconocimiento de Ingreso(IFRS*/POC) - Origen Incurrido
E615ROL;Financeiro - Projetos - Reconhecimento de Receita (IFRS/POC) - Origem Incorrido - Lançamentos;Financiero - Proyectos - Reconocimiento de Ingreso (IFRS*/POC) - Origen Incurrido - Asientos
E615ROO;Financeiro - Projetos - Reconhecimento de Receita (IFRS/POC) - Origem Orçamento;Financiero - Proyectos - Reconocimiento de Ingreso (IFRS*/POC) - Origen Presupuesto
E615ROR;Financeiro - Projetos - Reconhecimento de Receita (IFRS/POC) - Origem Contrato;Financiero - Proyectos - Reconocimiento de Ingreso (IFRS*/POC) - Origen Contrato
E615RPC;Financeiro - Projetos - Relacionamento Projetos X Coordenadores;Financiero - Proyectos - Relación Proyectos X Coordinadores
E615RPJ;Financeiro - Projetos - Rateios do Cadastro de Projetos;Financiero - Proyectos - Prorratas del Maestro de Proyectos
E615RPP;Financeiro - Projetos - Orçamentos - Recursos;Financiero - Proyectos - Presupuestos - Recursos
E615SAT;Financeiro - Projetos - Solicitações de Adiantamento;Financiero - Proyectos - Solicitudes de Anticipo
E615SPJ;Financeiro - Projetos - Situações dos Projetos;Financiero - Proyectos - Situaciones de los Proyectos
E615SXS;Financeiro - Projetos - Relacionamento entre as Situações dos Projetos;Financiero - Proyectos - Relación entre las Situaciones de los Proyectos
E615SXT;Financeiro - Projetos - Solicitação de Adiantamento X Títulos CP;Financiero - Proyectos - Solicitud de Anticipo X Títulos CP
E615TSO;Financeiro - Projetos - Orçamento - Transferência de Saldos de Orçamento;Financiero - Proyectos - Presupuesto - Transferencia de Saldos de Presupuesto
E615VGL;Financeiro - Projetos - Relacionamento Visões X Grupos X Linhas;Financiero - Proyectos - Relación Visiones X Grupos X Líneas
E615VIS;Financeiro - Projetos - Visão;Financiero - Proyectos - Visión
E616ACL;Financeiro - Projetos - Adicionais - Aprovação do CheckList;Financiero - Proyectos - Adicionales - Aprobación del CheckList
E616AOF;Tabelas - Financeiro - Projetos - Aprovação Registro Ocorrências Fornecedores;Tablas - Financiero - Proyectos - Aprobación Registro Incidentes Proveedores
E616AOP;Tabelas - Financeiro - Projetos - Aprovação Registro Ocorrências Projetos;Tablas - Financiero - Proyectos - Aprobación Registro Incidentes Proyectos
E616ARP;Financeiro - Projetos - Arquivos;Financiero - Proyectos - Archivos
E616ATV;Financeiro - Projetos - Atividades;Financiero - Proyectos - Actividades
E616CAV;Financeiro - Projetos - Adicionais - Atividade;Financiero - Proyectos - Adicionales - Actividad
E616CQP;Tabelas - Financeiro - Projetos - Questionário do Projeto;Tablas - Financiero - Proyectos - Cuestionario del Proyecto
E616CQR;Tabelas - Financeiro - Projetos - Questões de Risco;Tablas - Financiero - Proyectos - Cuestiones de Riesgo
E616CRQ;Tabelas - Financeiro - Projetos - Respostas das Questões de Risco;Tablas - Financiero - Proyectos - Respuestas de las Cuestiones de Riesgo
E616CRT;Financeiro - Projetos - Adicionais - Características;Financiero - Proyectos - Adicionales - Características
E616CTO;Tabelas - Financeiro - Projetos - Cadastro de Tipo de Ocorrência;Tablas - Financiero - Proyectos - Maestro de Tipo de Evento
E616DCK;Financeiro - Projetos - Dados do CheckList;Financiero - Proyectos - Datos del Checklist
E616EPA;Financeiro - Projetos - Adicionais - Especificação de Público Alvo x Projetos;Financiero - Proyectos - Adicionales - Especificación de Público meta x Proyectos
E616FET;Financeiro - Projetos - Adicionais - Faixas Etárias;Financiero - Proyectos - Adicionales - Rangos Etarios
E616IAP;Financeiro - Projetos - Adicionais - Informações Adicionais;Financiero - Proyectos - Adicionales - Informaciones Adicionales
E616ICK;Tabelas - Financeiro - Projetos - Itens do CheckList;Tablas - Financiero - Proyectos - Ítems del Checklist
E616LAL;Financeiro - Projetos - Adicionais - Localização Público Alvo;Financiero - Proyectos - Adicionales - Localización Público meta
E616MAN;Financeiro - Projetos - Lançamentos Manuais;Financiero - Proyectos - Asientos Manuales
E616MET;Financeiro - Projetos - Adicionais - Metas;Financiero - Proyectos - Adicionales - Metas
E616MNF;Financeiro - Projetos - Relacionamento Fases X Municípios;Financiero - Proyectos - Relación Fases X Municipios
E616MNP;Financeiro - Projetos - Relacionamento Projetos X Municípios;Financiero - Proyectos - Municipios
E616OCO;Financeiro - Projetos - Adicionais - Ocupação;Financiero - Proyectos - Adicionales - Ocupación
E616ORF;Financeiro - Projetos - Observações Registros de Ocorrência de Fornecedor;Financiero - Proyectos - Observaciones Registros de Incidentes de Proveedor
E616ORP;Financeiro - Projetos - Observações Registros de Ocorrência de Projeto;Financiero - Proyectos - Observaciones Registros de Incidentes de Proyecto
E616PAL;Financeiro - Projetos - Adicionais - Público Alvo;Financiero - Proyectos - Adicionales - Público Blanco
E616PRP;Financeiro - Projetos - Preparação de orçamento para Projeto - Recursos;Financiero - Proyectos - Preparación de presupuestos para Proyecto - Recursos
E616PXP;Financeiro - Projetos - Relacionamentos - Projetos X Público Alvo;Financiero - Proyectos - Relaciones - Proyectos X Público Objetivo
E616QTM;Financeiro - Projetos - Metas do Projeto;Financiero - Proyectos - Metas del Proyecto
E616RAT;Financeiro - Projetos - Rateios dos Lançamentos Manuais;Financiero - Proyectos - Prorrateos de los Asientos Manuales
E616ROC;Tabelas - Financeiro - Projetos - Registro de Ocorrências;Tablas - Financiero - Proyectos - Registro de Eventos
E616ROF;Tabelas - Financeiro - Projetos - Registro de Ocorrências de Fornecedores;Tablas - Financiero - Proyectos - Registro de Incidentes de Proveedores
E616ROP;Tabelas - Financeiro - Projetos - Registro de Ocorrências de Projetos;Tablas - Financiero - Proyectos - Registro de Incidentes de Proyectos
E616TCL;Tabelas - Financeiro - Projetos - Tipos de CheckList;Tablas - Financiero - Proyectos - Tipos del Checklist
E616TIP;Financeiro - Projetos - Adicionais - Tipos de Informações;Financiero - Proyectos - Adicionales - Tipos de Informaciones
E616TRO;Tabelas - Financeiro - Projetos - Tipo Relacionado com Ocorrência;Tablas - Financiero - Proyectos - Tipo Relacionado con Evento
E616TXC;Financeiro - Projetos - Relacionamentos - Tipos de Projetos X Itens do CheckList;Financiero - Proyectos - Relaciones - Tipos de Proyectos X Ítems del Checklist
E616TXL;Financeiro - Projetos - Relacionamentos - Tipos de Projetos X Itens do CheckList;Financiero - Proyectos - Relaciones - Tipos de Proyectos X Ítems del CheckList
E616TXM;Financeiro - Projetos - Relacionamentos - Tipo de Projetos X Metas;Financiero - Proyectos - Relaciones - Tipos de Proyectos X Metas
E616TXP;Financeiro - Projetos - Relacionamentos - Tipo de Projetos X Público Alvo;Financiero - Proyectos - Relaciones - Tipos de Proyectos X Público Objetivo
E616TXR;Financeiro - Projetos - Relacionamentos - Tipo de Projetos X Produtos;Financiero - Proyectos - Relaciones - Tipos de Proyectos X Producto
E616TXT;Financeiro - Projetos - Relacionamentos - Tipo de Projetos X Metas;Financiero - Proyectos - Relaciones - Tipo de Proyectos X Metas
E620CCC;Custos - Cadastro Componentes de Cálculo de Custos;Costos - Maestros Componentes del Cálculo de Costos
E620DEF;Custos - Parâmetros Gerais;Costos - Parámetros Generales
E620VCD;Custos - Valores Componentes - Por Data;Costos - Valores Componentes - Por Fecha
E620VCT;Custos - Valores Componentes - Por Tabela;Costos - Valores Componentes - Por Tabla
E621APC;Custos - Análise de Preço de Venda para Comércio;Costos - Análisis de Precio de Venta para Comercio
E621AVC;Custos - Análise Valorizada de Custos;Costos - Análisis Valorizada de Costos
E621CAQ;Custos - Itens de Produtos - Custos de Aquisição;Costos - Elementos de Productos - Costos de Adquisición
E621CPC;Custos - Componentes de Cálculo de Análise de Preço de Venda para Comércio;Costos - Componentes de Cálculo de Análisis de Precio de Venta para Comercio
E621CPG;Custos - Itens de Produtos - Condições de Pagamento;Costos - elementos de Productos - Condiciones de Pago 
E621IPC;Custos - Itens de Análise de Preço de Venda para Comércio;Costos - Ítems de Análisis de Precio de Venta para Comercio
E621ISI;Custos - Itens de Produtos - Simulações;Costos - Ítems de Productos - Simulaciones
E621ITC;Custos - Itens de Tabelas de Custos;Costos - Ítems de Tablas de Costos
E621MTC;Custos - Mestre de Tabelas de Custos;Costos - Tablas de Costos Principal
E621OBS;Custos - Observações;Costos - Observaciones
E621PCI;Custos - Preço cotado de insumos (Produtos e Serviços);Costos - Precios cotizado de insumos (Productos y Servicios)
E621SPI;Custos - Simulação do Preço de Venda Individual;Costos - Simulación del Precio de Venta Individual
E621UCI;Custos - Utilização de Cotações de Insumos (Produtos e Serviços);Costos - Utilización de Cotizaciones de Insumos (Productos y Servicios)
E621UTI;Custos - Controle de Utilização das Tabelas de Custos;Costos - Control de Utilización de las Tablas de Costos
E621UTP;Custos - Utilização de Tabelas por Processos;Costos - Utilización de Tablas por Procesos
E622CPN;Custos - Componentes do Produto;Costos - Componentes de Producto 
E622DAT;Custos - Datas Bases das Fichas de Custo;Costos - Fechas Bases de las Fichas de Costo
E622DER;Custos - Componentes do Produto por Derivação;Costos - Componentes del Producto por Derivación
E622REL;Custos - Tabela da Explosão da Ficha de Custos;Costos - Tabla de la Explosión de la Ficha de Costos
E622SIM;Custos - Ficha Técnica de custos;Costos - Ficha Técnica de costos
E623CAP;Custos - Capacidades Produtivas;Costos - Capacidad Productiva
E623NCP;Custos - Níveis de Capacidades Produtivas;Costos - Niveles de Capacidades Productivas
E623RCC;Custos - Redutores de Capacidades Produtivas X Centro de Custo;Costos - Reductores de Capacidades Productivas X Centro de Costo
E623RCP;Custos - Redutores de Capacidades Produtivas;Costos - Reductores de Capacidades Productivas
E623VRT;Custos - Valores de Redutores por Tabela;Costos - Valores de Reductores por Tabla
E624LIG;Custos - Ligação dos Agrupamentos para Cotação aos Produtos;Costos - Conexión de los Agrupamientos para Cotización a los Productos
E624REF;Custos - Agrupamento de Produtos para Cotação;Costos - Agrupamiento de Productos para Cotización
E625EQC;Equivalências de Centros de Custo;Equivalencias de Centro de Costo
E626DCC;Custos - Critérios de Distribuição de CIF X C. Custo;Costos - Criterios de Distribución del CIF X C. Costo
E626DCI;Custos - Critérios Distribuição de Custos Indiretos de Fabricação;Costos - Criterios de Distribución de Costos Indirectos de Fabricación
E626ORC;Custos - Orçamento dos Centros de Custo;Costos - Presupuesto de los Centros de Costo
E626ORD;Custos - Orçamento dos Centros de Custo - Distribuído;Costos - Presupuesto de los Centros de Costo - Distribuido
E626TAX;Custos - Taxas de Custos dos Processos;Costos - Tasas de Costos de los Procesos
E626TRC;Custos - Taxas de Custos dos Redutores de Capacidade;Costos - Tasas de Costos de los Reductores de Capacidad
E627ISP;Custos - Itens Tabela de Seleção de Produtos;Costos - Ítems Tabla de Selección de Productos
E627MSP;Custos - Mestre de Seleção de Produtos;Costos - Principal para Selección de Productos
E628IVP;Custos - Itens de Volumes de Produtos;Costos - Ítems de Volúmenes de Producto
E628MVP;Custos - Mestre de Volume de Produtos;Costos - Maestro de Volumen de Productos
E630FOC;Cont. Custos - Quantidades Finalizadas por Estágio/C.C.;Cont. Costos - Cantidades Finalizada por Etapas/C.C.
E630LOG;Cont. Custos - Logs;Cont. Costos - Logs
E630PCC;Cont. Custos - Parâmetros da Contabilidade de Custos;Cont. Costos - Parámetros de la Contabilidad de Costos
E630SPE;Cont. Custos - Saldos de Produtos por Estágio;Cont. Costos - Saldos de Productos por Etapas
E631CMC;Cont. Custos - Consumo de Materiais p/ CC;Cont. Costos - Consumo de Materiales para CC
E631CPO;Custos - Custo Padrão por Origem;Costos - Costo Estándar por Origen
E631CPT;Cont. Custos - Consumo Padrão de Tempo p/ CC;Cont. Costos - Consumo Estándar de Tiempo para CC
E631MCP;Cont. Custos - Movimentação a Custo Padrão p/ CC;Cont. Costos - Movimientos a Costo Estándar para CC
E631SCP;Cont. Custos - Saldos de Produtos a Custo Padrão p/ CC;Cont. Costos - Saldos de Productos a Costo Estándar para CC
E631TNG;Cont. Custos - Taxa por natureza de gasto;Cont. Costos - Tasa por naturaleza de gasto
E631VCP;Cont. Custos - Variação de Custo dos Processos;Cont. Costos - Variación de Costo de los Procesos
E631VMC;Cont. Custos - Variação de Materiais por Centro de Custo;Cont. Costos - Variación de Materiales por Centro de Costo
E632CAO;Cont. Custos - Custo Ajustado por Ordem de Produção;Cont. Costos - Costo Ajustado por Orden de Producción
E632CNG;Custo do produto por natureza de gasto;Costo del producto por naturaleza de gasto
E632CPA;Cont. Custos - Custo Ajustado dos Produtos;Cont. Costos - Costo Ajustado de los Productos
E632CPM;Cont. Custos - Custo dos Produtos (Matérias-Primas);Cont. Costos - Costo de los Productos (Materias Prima)
E632DIV;Cont. Custos - Valores de entradas diversas na O.P.;Cont. Costos - Valores de entradas diversas en la O.P.
E632PFO;Cont. Custos - Controle de ajuste de custos por níveis de origem;Cont. Costos - Control de ajuste de costos por niveles de origen
E632VIN;Cont. Custos - Variação de intermediários;Cont. Costos - Variación de intermediarios
E633AOP;Cont. Custos - Análise de Desempenho de O.P.;Cont. Costos - Análisis de Desempeño de O.P.
E633IOP;Cont. Custos - Itens de Análise de Desempenho de O.P.;Cont. Costos - Ítems de Análisis de Desempeño de O.P.
E633POP;Cont. Custos - Parâmetros da Análise de Desempenho da O.P.;Cont. Costos - Parámetros de la Análisis de Desempeño de la O.P.
E634CPR;Cont. Custos - Custo da Produção;Cont.Costos - Costo de la Producción
E634MCR;Custos - Produção a Custo Real - Movimentos;Costos - Producción a Costo Real - Movimientos
E634SCR;Custos - Produção a Custo Real - Saldos;Costos - Producción a Costo Real -Saldos
E635CAC;Custos - Critérios de apropriação dos custos conjuntos;Costos - Criterios de apropiación de los costos conjuntos
E636CMM;Consumo e custo de materiais manutenção;Consumo y costo de materiales mantenimiento 
E636CTM;Consumo de tempo manutenção;Consumo de tiempo mantenimiento
E636MNT;Cont. Custos - Custos de Manutenção;Cont. Costos - Costos de Mantenimiento
E640CFT;Contábil - SPED - Fato Contábil (DMPL/DLPA) - Composição;Contable - SPED - Hecho Contable (DMPL/DLPA) - Composición
E640CFT_HIS;Contábil - Histórico - SPED - Fato Contábil (DMPL/DLPA) - Composição;Contable - Histórico - SPED - Hecho Contable (DMPL/DLPA) - Composición
E640DRS;Contábil - Detalhes Razão Auxiliar das Subcontas;Contable - Detalles Razón Auxiliar de las Subcuentas
E640FTC;Contábil - SPED - Fato Contábil (DMPL/DLPA);Contable - SPED - Hecho Contable (DMPL/DLPA)
E640LCT;Contábil - Lançamento - Lançamentos Contábeis;Contable - Asiento - Asientos Contables
E640LCT_HIS;Contábil - Histórico - Lançamento - Lançamentos Contábeis;Contable - Histórico - Asiento - Asientos Contables
E640LCT_TMP;Contábil - Lançamento - Lançamentos Contábeis - Temporária;Contable - Asiento - Asientos Contables - Temporaria
E640LOG;Contábil - Lançamento - LOG's;Contable - Asiento - LOG's
E640LOT;Contábil - Lançamento - Lotes;Contable - Asiento - Lotes
E640LOT_HIS;Contábil - Histórico - Lançamento - Lotes;Contable - Histórico - Asiento - Lotes
E640LTR;Contábil - Lançamento - Lotes Relacionados;Contable - Asiento - Lotes Relacionados
E640RAS;Contábil - Razão Auxiliar das Subcontas;Contable - Razón Auxiliar de las Subcuentas
E640RAT;Contábil - Lançamento - Rateios;Contable - Asiento - Prorrateos
E640RAT_HIS;Contábil - Histórico - Lançamento - Rateios;Contable - Histórico - Asiento - Prorrateos
E640RCP;Contábil - Lançamento - Relacionamento - Lançamentos Contábeis x Contra Partidas;Contable - Asiento - Relación - Asientos Contables x Contra Partidas
E640RCP_HIS;Contábil - Histórico - Lançamento - Relacionamento - Lançamentos Contábeis x Contra Partidas;Contable - Histórico - Asiento - Relación - Asientos Contables x Contra Partidas
E642LCT;Contábil - Lançamento - Lançamentos Auxiliares;Contable - Asiento - Asientos Auxiliares
E642LCT_HIS;Contábil - Histórico - Lançamento - Lançamentos Auxiliares;Contable - Histórico - Asiento - Asientos Auxiliares
E643LCA;Contábil - Lançamento - Composição Auxiliar dos Lançamentos Programados;Contable - Asiento - Composición Auxiliar de los Asientos Programados
E643LPG;Contábil - Lançamento - Lançamentos Programados;Contable - Asiento - Asientos Programados
E643RAT;Contábil - Lançamento - Rateios de Lançamentos Programados;Contable - Asiento - Prorrateos de Registros C. Programadas
E643RLP;Contábil - Lançamento - Relacionamento Lançamentos X Programação;Contable - Asiento - Relación Registros C. X Programación
E644LAM;Contábil - Lançamento - Lançamentos X Ajuste Valor de Mercado;Contable - Asiento - Asientos X Ajuste Valor de Mercado
E644LCO;Contábil - Lançamento - Lançamentos X Comissões;Contable - Asiento - Asientos X Comisiones
E644LES;Contábil - Lançamento - Lançamentos X Estoques;Contable - Asiento - Asientos X Stocks
E644LFF;Contábil - Lançamento - Lançamentos X Faturas;Contable - Asiento - Asientos X Facturas
E644LIB;Contábil - Lançamento - Lançamentos X Unidade Imobiliária Vendida;Contable - Asiento - Asientos X Unidad Inmobiliaria Vendida
E644LIC;Contábil - Lançamento - Lançamentos X Tributos (Cálculos);Contable - Lanzamiento - Lanzamientos X Tributos (Cálculos)
E644LIM;Contábil - Lançamento - Lançamentos X Tributos (Notas Fiscais);Contable - Lanzamiento - Lanzamientos X Tributos (Facturas)
E644LIO;Contábil - Lançamento - Lançamentos X Tributos (Outros Documentos);Contable - Lanzamiento - Lanzamientos X Tributos (Otros Documentos)
E644LMA;Contábil - Lançamento - Lançamentos X Ajuste Financeiro;Contable - Lanzamiento - Lanzamientos X Ajuste Financiero
E644LNF;Contábil - Lançamento - Lançamentos X Notas Fiscais;Contable - Asiento - Asientos X Facturas
E644LPA;Contábil - Lançamento - Lançamentos X Patrimônio;Contable - Asiento - Asientos X Patrimonio
E644LPR;Contábil - Lançamento - Lançamentos X Projetos;Contable - Asiento - Asientos X Proyectos
E644LRP;Contábil - Lançamento - Lançamentos X Recibo de Pagamento Autônomo;Contable - Asiento - Asientos X Recibo de Pago Autónomo
E644LRZ;Contábil - Lançamento - Lançamentos X Tributos (Redução Z);Contable - Lanzamiento - Lanzamientos X Tributos (Reducción Z)
E644LTC;Contábil - Lançamento - Lançamentos X Cota Capital;Contable - Lanzamiento - Lanzamientos X Cota Capital
E644LTE;Contábil - Lançamento - Lançamentos X Tesouraria;Contable - Asiento - Asientos X Tesorería
E644LTI;Contábil - Lançamento - Lançamentos X Títulos;Contable - Asiento - Asientos X Títulos
E644LVC;Contábil - Lançamento - Lançamentos X Variação Cambial;Contable - Lanzamiento - Lanzamientos X Variación Cambial
E645CAP;Contábil - Fatos Contábeis  X Comissões;Contable - Hechos Contables  X Comisiones
E645CCR;Contábil - Fatos Contábeis X Aplicação\Captação Recursos;Contabilidad - Hechos contables
E645CFC;Contábil - Lançamento - Conciliação Fornecedores/Clientes;Contable - Asiento - Conciliación Proveedores/Clientes
E645CRP;Contábil - Fatos Contábeis X Tributos (Cálculos);Contable - Hechos Contables X Tributos (Cálculos)
E645FAT;Contábil - Fatos Contábeis;Contable - Actos Contables
E645FIX;Contábil - Fatos Contábeis X Fixação;Contable - Hechos Contables X Fijación
E645FUF;Contábil - Fatos Contábeis X Chave Única Financeira;Contable - Hechos Contables X Llave Única Financiera
E645ICO;Contábil - Fatos Contábeis X Tributos Compras;Contable - Hechos Contables X Tributos Compras
E645IVI;Contábil - Fatos Contábeis X Unidade Imobiliária Vendida - Custo Incorrido;Contable - Hechos Contables X Unidad Inmobiliaria Vendida - Costo Incurrido
E645IVO;Contábil - Fatos Contábeis X Unidade Imobiliária Vendida - Custo Orçado;Contable - Hechos Contables X Unidad Inmobiliaria Vendida - Costo Presupuestado
E645IVR;Contábil - Fatos Contábeis X Unidade Imobiliária Vendida - Valores Recebidos;Contable - Hechos Contables X Unidad Inmobiliaria Vendida - Valores Recibidos
E645LIC;Contábil - Fatos Contábeis X Tributos (Cálculos);Contable - Hechos Contables X Tributos (Cálculos)
E645LIG;Contábil - Fatos Contábeis X  Estoque - Transferência;Contable - Hechos Contables X  Depósito - Transferencia
E645LIM;Contábil - Fatos Contábeis X Tributos (Notas Fiscais);Contable - Hechos Contables X Tributos (Facturas)
E645LIO;Contábil - Fatos Contábeis X Tributos (Outros Documentos);Contable - Hechos Contables X Tributos (Otros Documentos)
E645LRZ;Contábil - Fatos Contábeis - Redução Z - Movimento;Contable - Hechos Contables - Reducción Z - Movimiento
E645LTC;Contábil - Fatos Contábeis X Cota Capital;Contable - Hechos Contables X Cuota Capital
E645LVC;Contábil - Fatos Contábeis X  Variação Cambial;Contable - Hechos Contables X  Variación Cambial
E645MAP;Contábil - Fatos Contábeis X Movimentos Ajuste Valor Presente;Contable - Hechos Contables X Movimientos Ajuste Valor Presente
E645MAR;Contábil - Fatos Contábeis X Movimentos Ajuste Valor Presente;Contable - Hechos Contables X Movimientos Ajuste Valor Presente
E645MCC;Contábil - Fatos Contábeis X Tesouraria;Contable - Hechos Contables X Tesorería
E645MCP;Contábil - Fatos Contábeis X Contas a Pagar;Contable - Hechos Contables X Cuentas a Pagar
E645MCR;Contábil - Fatos Contábeis X Contas a Receber;Contable - Hechos Contables X Cuentas a Recibir
E645MPA;Contábil - Fatos Contábeis X Patrimônio;Contable - Hechos Contables X Patrimonio
E645MPJ;Contábil - Fatos Contábeis X Projetos;Contable - Hechos Contables X Proyectos
E645MVA;Contábil - Fatos Contábeis X C. Pagar - Movimentos Variação Cambial;Contable - Hechos Contables X C. Pagar - Movimientos Variación Cambial
E645MVP;Contábil - Fatos Contábeis X Movimentos Ajuste Valor Presente;Contable - Hechos Contables X Movimientos Ajuste Valor Presente
E645MVR;Contábil - Fatos Contábeis X C. Receber - Movimentos Variação Cambial;Contable - Hechos Contables X C. Recibir - Movimientos Variación Cambial
E645NFC;Contábil - Fatos Contábeis X Nota Fiscal de Entrada;Contable- Hechos Contables X Factura de Entrada
E645NFF;Contábil - Fatos Contábeis X Notas Fiscais Fatura;Contable - Hechos Contables X Facturas Fiscales Factura
E645NFV;Contábil - Fatos Contábeis X Nota Fiscal de Saída;Contable- Hechos Contables X Factura de Salida
E645PAM;Contábil - Fatos Contábeis X C. Pagar - Movimentos Ajuste Valor de Mercado;Contable - Hechos Contables X C. Pagar - Movimientos Ajuste Valor de Mercado
E645RAM;Contábil - Fatos Contábeis X C. Receber - Movimentos Ajuste Valor de Mercado;Contable - Hechos Contables X C. Recibir - Movimientos Ajuste Valor de Mercado
E645TCR;Tesouraria - Fatos Contábeis X Aplicação\Captação Recursos;Tesorería - Hechos contables
E645TRF;Contábil - Fatos Contábeis X Transferências;Contable - Hechos Contables X Transferencias
E645UIV;Contábil - Fatos Contábeis X Unidade Imobiliária Vendida;Contable - Hechos Contables X Unidad Inmobiliaria Vendida
E648LCT;Contábil - Lançamento - Lançamentos Contábeis Convertidos;Contable - Asiento - Asientos Contables Convertidos
E648LCT_HIS;Contábil - Histórico - Lançamento - Lançamentos Contábeis Convertidos;Contable - Histórico - Asiento - Asientos Contables Convertidos
E648LOG;Contábil - Lançamento Convertido - LOG's;Contable - Asiento Convertido - LOG's
E650AJU;Contábil - Ajuste Contábil;Contable - Ajuste Contable
E650DIF;Contábil - Saldo - Diferenças por Dia;Contable - Saldo - Diferencias por Día
E650ELI;Contábil - Saldos - Histórico de Eliminações (Intercompany);Contable - Saldos - Histórico de Eliminaciones (Intercompany)
E650EMI;Contábil - Empresas Intercompany;Contable - Empresas Intercompany
E650INT;Contábil - Parâmetros - Para Integrações Contábeis;Contable - Parámetros - Para Integraciones Contables
E650LAJ;Contábil - Ajuste Contábil - LOG's;Contable - Ajuste Contable - LOG's
E650PMA;Contábil - Parâmetros - Controles Contábeis por Mês/Ano;Contable - Parámetros - Controles Contables por Mes/Año
E650PMA_HIS;Contábil - Histórico - Parâmetros - Controles Contábeis por Mês/Ano;Contable - Histórico - Parámetros - Controles Contables por Mes/Año
E650RTO;Contábil - Saldo - Mensal e Orçamento por Centro de Custos (PC);Contable - Saldo - Mensual y Presupuesto por Centro de Costos (PC)
E650RTO_HIS;Contábil - Histórico - Saldo - Mensal e Orçamento por Centro de Custos (PC);Contable - Histórico - Saldo - Mensual y Presupuesto por Centro de Costos (PC)
E650SAL;Contábil - Saldo - Mensal e Orçamento por Conta Contábil;Contable - Saldo - Mensual y Presupuesto por Cuenta Contable
E650SAL_HIS;Contábil - Histórico - Saldo - Mensal e Orçamento por Conta Contábil;Contable - Histórico - Saldo - Mensual y Presupuesto por Cuenta Contable
E650SCO;Contábil - Saldo - Mensal por Conta Contábil/Centro de Custo/Origem;Contable - Saldo - Mensual por Cuenta Contable/Centro de Costo/Origen
E650SLC;Contábil - Saldo - Mensal por Conta Contábil e Centro de Custo;Contable - Saldo - Mensual por Cuenta Contable y Centro de Costo
E650SLC_HIS;Contábil - Histórico - Saldo - Mensal por Conta Contábil e Centro de Custo;Contable - Histórico - Saldo - Mensual por Cuenta Contable y Centro de Costo
E651ROC;Contábil - Saldo - Registro de Orçamentos (PF);Contable - Saldo - Registro de Presupuestos (PF)
E651RTO;Contábil - Saldo - Mensal e Orçamento por Centro de Custos (PF);Contable - Saldo - Mensual y Presupuesto por Centro de Costos (PF)
E651SAL;Contábil - Saldo - Mensal e Orçamento por Conta Financeira;Contable - Saldo - Mensual y Presupuesto por Cuenta del Financiero
E652SAL;Contábil - Saldo  - Mensal por Conta Auxiliar X Contábil;Contable - Saldo - Mensual por Cuenta Auxiliar X Contable
E652SAL_HIS;Contábil - Histórico - Saldo  - Mensal por Conta Auxiliar;Contable - Histórico - Saldo - Mensual por Cuenta Auxiliar
E658SAL;Contábil - Saldo Convertido - Mensal por Conta Contábil;Contable - Saldo Convertido - Mensual por Cuenta Contable
E658SAL_HIS;Contábil - Histórico - Saldo Convertido - Mensal por Conta Contábil;Contable - Histórico - Saldo Convertido - Mensual por Cuenta Contable
E660ACP;Tributos - Apontamentos de Componentes de Produção Própria - SPED Fiscal;Tributos - Apuntamientos de Componentes de Producción Propia - SPED Fiscal
E660ACT;Tributos - Apontamentos de Componentes de Produção em Terceiro - SPED Fiscal;Tributos - Apuntamientos de Componentes de Producción en Tercero - SPED Fiscal
E660APP;Tributos - Apontamentos da OP de Produção Própria - SPED Fiscal;Tributos - Apuntamientos de la OP de Producción Propia - SPED Fiscal
E660APT;Tributos - Apontamentos da OP de Produção em Terceiro - SPED Fiscal;Tributos - Apuntamientos de la OP de Producción en Tercero - SPED Fiscal
E660ARV;Tributos - eSocial - Pessoa Física - Identificação do Advogado;Impuestos - eSocial - Particular - Identificación de Abogado
E660ATA;Controladoria - Tributos - Apuração das tarifas bancárias;Contraloría - Tributos - Evaluación de las tarifas bancarias
E660BBO;Tributos - Cadastro de Bicos da Bomba de Combustível - SPED Fiscal;Tributos - Registro de Inyectores de Bomba de Combustible - SPED Fiscal
E660BRI;Tributos - Baixa dos Rateios de Títulos do Contas a Receber para o IPRJ;Tributos - Baja de los Prorrateo de Títulos de las Cuentas a Recibir para el IPRJ
E660BXT;Tributos - Baixa dos títulos de contas a receber diferidos;Tributos - Baja de los títulos de cuentas a recibir diferidos
E660CAB;Tributos - Identificação da apuração do bloco K;Tributos - Identificación de apuración del bloco K
E660CBO;Tributos - Cadastro de Bombas de Combustíveis - SPED Fiscal;Tributos - Registro Bombas de Combustible - SPED Fiscal
E660CCJ;Tributos - Componentes Utilizados na Ordem de Produção Conjunta - SPED Fiscal;Tributos - Componentes Utilizados en la Orden de Producción Conjunta - SPED* Fiscal
E660CCO;Impostos - Componentes do ICMS Ativo Permanente;Impuestos - Componentes del ICMS Activo Permanente
E660CCT;Impostos - Nota Fiscal de Saída - Composição do Conhecimento de Transporte;Impuestos - Comprobante Fiscal de Salida - Composición del Conocimiento de Transporte
E660CEX;Tributos - Controle ICMS Ativo Permanente Extemporâneo;Tributos - Controle ICMS Activo Permanente Extemporáneo
E660CFT;Tributos - Produtos Componentes (Insumos) da Ficha Técnica - SPED Fiscal;Tributos - Productos Componentes (Insumos) de la Ficha Técnica - SPED Fiscal
E660CIN;Tributos - E-SOCIAL - Mensagens de retorno do eDOCS;Tributos - E-SOCIAL - Mensajes de retorno del eDOCS
E660CIP;Impostos - Controle ICMS Ativo Permanente;Impuestos - Control IVA Activo Permanente
E660COE;Tributos - Correção estoque - SPED Fiscal;Tributos - Corrección deposito - SPED Fiscal
E660COI;Tributos - Correção Consumo - SPED Fiscal;Tributos - Corrección Consumo - SPED Fiscal
E660COR;Tributos - Correção apontamento - SPED Fiscal;Tributos - Corrección apuntamiento - SPED Fiscal
E660CRP;Tributos - Dados Gerais do Recibo de Pagamento Autônomo;Tributos - Datos Generales de Recibo de Pago Autónomo
E660DAR;Controladoria - Tributos - Demonstrativo apuração da receita tributável e ISSQN devido por substituto;Contraloría - Tributos - Demostrativo evaluación del ingreso tributable y ISSQN* debido por sustituto
E660DCI;Impostos - Notas Fiscais de Entrada - Detalhamento por Classificação dos Itens;Impuestos - Facturas entrantes - Detalle por clasificación de artículos
E660DCL;Controladoria - Tributos - Detalhamento por Cliente/Fornecedor do demonstrativo apuração da receita tributável e ISSQN devido por substituto;Contraloría - Tributos - Detalle por Cliente/Proveedor del demostrativo evaluación del ingreso tributable y ISSQN* debido por sustituto
E660DDI;Controladoria - Tributos -  Detalhamento por Data Movimentação do demonstrativo apuração da receita tributável e ISSQN devido por substituto;Contraloría - Tributos -  Detalle por Fecha Movimiento del demostrativo evaluación del ingreso tributable y ISSQN* debido por sustituto
E660DEX;Impostos - Controle de Embarque de Exportação - Documentos Redex;Impuestos - Control de Embarque de Exportación - Documentos Redex
E660DGC;Impostos - Nota Fiscal de Entrada - Dados Gerais;Impuestos - Factura Proveedor - Datos Generales
E660DGV;Impostos - Nota Fiscal de Saída - Dados Gerais;Impuestos - Factura Venta - Datos Generales
E660DIA;Tributos - Declaração de Ingresso no Amazonas;Tributos - Declaración de Ingreso en Amazonas
E660DID;Tributos - Desmonte item destino - SPED Fiscal;Tributos - Desmonte elemento destino - SPED Fiscal
E660DIO;Tributos - Desmonte item origem - SPED Fiscal;Tributos - Desmonte elemento destino - SPED Fiscal
E660DLC;Impostos - Nota Fiscal de Entrada - Entrada, Vencimento, Lote, Série;Impuestos - Factura Proveedor - Entrada, Vencimiento, Lote, Serie
E660DLV;Impostos - Nota Fiscal de Saída - Entrada, Vencimento, Lote, Série;Impuestos - Factura Venta - Entrada, Vencimiento, Lote, Serie
E660DPP;Parametrização das dependências dos processos de fechamento fiscal/contábil;Parametrización de las dependencias de los procesos de cierre fiscal/contable
E660DPR;Impostos - Nota Fiscal de Entrada - Documento Fiscal Produtor Rural;Impuestos - Factura de Entrada - Documento Fiscal Productor Rural
E660EED;Tributos - Recibo de Pagamento Autônomo;Tributos - Recibo de Pago Autónomo
E660EFD;Tributos - Controle de produção de usina - Movimentos;Tributos - Control de producción de usina - Movimientos
E660EPT;Tributos - Saldo de Estoque Próprio em Terceiro - SPED Fiscal;Tributos - Saldo de Stock Propio en Tercero - SPED Fiscal
E660ERT;Impostos - Nota Fiscal de Entrada - Impostos Reforma tributária;Impuestos - Factura de Entrada - Impuestos Reforma tributaria
E660ESP;Tributos - Saldo de Estoque Próprio - SPED Fiscal;Tributos - Saldo de Stock Propio - SPED Fiscal
E660ETE;Tributos - Saldo de Estoque de Terceiro em Poder da Empresa - SPED Fiscal;Tributos - Saldo de Stock de Tercero en Poder de la Empresa - SPED Fiscal
E660EXF;Impostos - Notas Fiscais de Entrada - Ligação Notas de Frete;Impuestos - Facturas Proveedor - Conexión Facturas de Flete
E660EXP;Impostos - Controle de Embarque de Exportação - Dados Gerais;Impuestos - Control de Embarque de Exportación - Datos Generales
E660FIS;Impostos - Geral;Impuestos - General
E660FTE;Tributos - Ficha Técnica do Produto Produzido - SPED Fiscal;Tributos - Ficha Técnica del Producto Producido - SPED Fiscal
E660IBI;Integração dos Detalhamentos das Receitas/Deduções e Exclusões de PIS/COFINS;Integración de los detalles de los Ingresos/Deducciones y Exclusiones de PIS*/COFINS*
E660ICC;Itens de cupons fiscais cancelados;Elementos de comprobantes fiscales cancelados
E660IDE;Impostos - Nota Fiscal de Saída - Informações de Documentos Eletrônicos;Impuestos - Factura Venta - Informaciones de Documentos Electrónicos
E660IEX;Impostos - Controle de Embarque de Exportação - Itens dos Documentos Redex;Impuestos - Control de Embarque de Exportación - Elementos de los Documentos Redex
E660IMD;Tributos - Itens da Nota Fiscal Saída de Produto/Serviço - Mensagens;Tributos - elementos de Factura de Salida de Producto/Servicio - Mensajes
E660IMP;Impostos - Nota Fiscal de Entrada - Itens de Produto/Serviço - Impostos por Item;Impuestos - Factura entrante - Artículos de producto/servicio - Impuestos por artículo
E660IMS;Impostos - Nota Fiscal de Saída - Itens de Produto/Serviço - Impostos por Item;Impuestos - Factura saliente - Artículos de producto/servicio - Impuestos por artículo
E660INC;Impostos - Nota Fiscal de Entrada - Itens de Produto/Serviço;Impuestos - Comprobante Fiscal de Entrada - Ítems del Producto/Servicio
E660INF;Tributos - Informações Mensais;Tributos - Informaciones Mensuales
E660INV;Impostos - Nota Fiscal de Saída - Itens de Produto/Serviço;Impuestos - Comprobante Fiscal de Salida - Ítems del Producto/Servicio
E660IPC;Tributos - Origem PIS/COFINS - Itens;Tributos - Origen PIS*/COFINS* - Elementos
E660IRP;Tributos - Itens do Recibo de Pagamento Autônomo;Tributos - Elementos del Recibo de Pago Autónomo
E660IRZ;Impostos - Redução Z - Itens de Produto;Impuestos - Reducción Z - Ítems del Producto
E660LBO;Tributos - Cadastro de Lacres das Bombas de Combustíveis - SPED Fiscal;Tributos - Registro de sellos de Seguridad de las bombas de combustible - SPED Fiscal
E660LNC;Impostos - Nota Fiscal de Compra - Ligação entre Itens;Impuestos - Factura de Compra - Conexión entre Ítems
E660LNV;Impostos - Nota Fiscal de Saída - Ligação entre Itens;Impuestos - Factura Venta - Conexión entre Ítems
E660LOG;Impostos - Parâmetros Fiscais;Impuestos - Parámetros Fiscales
E660LTD;Tributos - Tabela Dinâmica - Linhas - Histórico;Tributos - Tabla Dinámica - Líneas - Histórico
E660MCO;Tributos - Movimentação Diária de Combustíveis - SPED Fiscal;Tributos - Movimiento Diario de Combustibles - SPED Fiscal
E660MIA;Tributos - Multiplicadores de ICMS do Amazonas;Tributos - Multiplicadores de ICMS* do Amazonas
E660MNC;Tributos - Nota Fiscal de Entrada - Mensagens;Tributos - Factura de Entrada - Mensajes
E660MNV;Tributos - Nota Fiscal de Saída - Mensagens;Tributos - Factura de Salida - Mensajes
E660MPG;Impostos - Redução Z - Meios de Pagamento;Impuestos - Reducción Z - Medios de Pago
E660MTA;Tributos - Movimentação Diária de Combustíveis por Tanque - SPED Fiscal;Tributos - Movimientos Diario de Combustibles por Tanque - SPED Fiscal
E660MTR;Imposto - Notas Fiscais de Saída - Modal de Transporte;Impuesto - Facturas de Salida - Modal de Transporte
E660NER;Tributos - Nota fiscal de entrada de imposto retido;Tributos - Factura de entrada de impuesto retenido
E660NEX;Tributos - Notas Fiscais do Exportador;Tributos - Facturas del Exportador
E660NFC;Impostos - Nota Fiscal de Entrada - Agrupamento por Alíquota e CFOP;Impuestos - Comprobante Fiscal de Entrada - Datos Generales
E660NFV;Impostos - Nota Fiscal de Saída - Agrupamento por Alíquota e CFOP;Impuestos - Comprobante Fiscal de Salida - Datos Generales
E660NFX;Impostos - Controle de Embarque de Exportação - Composição Notas Fiscais;Impuestos - Control de Embarque de Exportación - Composición Facturas
E660NRC;Tributos - Nota Referenciada da Nota Fiscal de Entrada;Tributos - Factura Referenciada de Factura de Entrada
E660NRE;Tributos - eSocial - Número do Recibo;Tributos - eSocial - Número del Recibo
E660NRV;Tributos - Nota Referenciada da Nota Fiscal de Saída;Tributos - Factura Referenciada de Factura de Salida
E660NSR;Tributos - Nota fiscal de saída de imposto retido;Tributos - Nota fiscal de salida de impuesto retenido
E660OCJ;Tributos - Ordem de Produção Conjunta - SPED Fiscal;Tributos - Orden de Producción Conjunta - SPED* Fiscal
E660ODC;Impostos - Outros Documentos;Impuestos - Otros Documentos
E660OPC;Tributos - Origem PIS/COFINS;Tributos - Origen PIS*/COFINS*
E660ORP;Tributos - Ordem de Produção - SPED Fiscal;Tributos - Orden de Producción - SPED Fiscal
E660PAC;Impostos - Nota Fiscal de Entrada - Parcelas;Impuestos - Factura Proveedor - Cuotas
E660PAE;Tributos - Período de Apuração do Estoque e Produção - SPED Fiscal;Tributos - Período de Evaluación de Stock y Producción - SPED Fiscal
E660PAL;Tributos - Detalhamento Pensão Alimentícia do RPA;Tributos - Detalle Pensión Alimenticia del RPA*
E660PAR;Impostos - Redução Z - Parcelas;Impuestos - Reducción Z - Cuotas
E660PAV;Impostos - Nota Fiscal de Saída - Parcelas;Impuestos - Factura Venta - Cuotas
E660PCJ;Tributos - Itens Produzidos na Ordem de Produção Conjunta - SPED Fiscal;Tributos - Ítems Producidos en la Orden de Producción Conjunta - SPED* Fiscal
E660PDI;Tributos - Items Produtos DIA;Tributos - Elementos Productos DIA
E660PFC;Parâmetros de execução de processos para fechamento da Controladoria;Parámetros de ejecución de procesos para cierre de Contraloría
E660POD;Impostos - Outros Documentos - Parcelas;Impuestos - Otros Documentos - Cuotas
E660PPF;Parametrização dos processos de fechamento fiscal/contábil;Parametrización de los procesos de cierre fiscal/contable
E660PRP;Tributos - Processos dos itens do Recibo de Pagamento Autï¿½nomo;Impuestos - Procesos por partidas del Recibo de Pago Autónomo
E660RAR;Tributos - Rastreamento OP, Apontamento produção reprocesso - SPED Fiscal;Tributos - Rastreo OP, Apuntamiento producción reproceso - SPED Fiscal
E660RCA;Tributos - Rastreamento Correção de Apontamentos - SPED Fiscal;Tributos - Rastreo Corrección de Apuntamientos - SPED Fiscal
E660RCE;Tributos - Rastreamento Correção de Estoque - SPED Fiscal;Tributos - Rastreo Corrección de Deposito - SPED Fiscal
E660RCJ;Tributos - Rastreamento de Ordem de Produção Conjunta - SPED Fiscal;Tributos - Rastreo de Orden de Producción Conjunta - SPED* Fiscal
E660RCK;Tributos - Rastreamento de NF de Venda do ERP Geradora de Apontamento de OP de Produção próprio de Produtos Kit - SPED Fiscal;Tributos - Rastreamiento de FF de Venta de ERP Generadora de Apuntamiento de OP de Producción propio de Productos Kit - SPED Fiscal
E660RCR;Tributos - Rastreamento de Componente Reaproveitado de OP Gerador de Transferência Entre Produtos - SPED Fiscal;Tributos - Rastreo de Componente Reaprovechado de OP Generador de Transferencia Entre Productos - SPED Fiscal
E660RCX;Tributos - Resumo dos Impostos de Regime de Caixa para Pis e Cofins;Tributos - Resumen de los Impuestos de Régimen de Caja para Pis y Cofins
E660RDE;Dispositivos fiscais dos itens das notas fiscais de entrada;Dispositivos fiscales de los elementos de las facturas de entrada
E660RDS;Dispositivos fiscais dos itens das notas fiscais de saída;Dispositivos fiscales de los elementos de las facturas de salida
E660RDZ;Tributos - Dispositivos fiscais dos itens do cupom fiscal;Impuestos - Provisiones fiscales de partidas de cupón fiscal
E660REC;Tributos - Reprocesso consumo - SPED Fiscal;Tributos - Reproceso consumo - SPED Fiscal
E660REP;Tributos - Reprocesso apontamento - SPED Fiscal;Tributos - Reproceso apuntamiento - SPED Fiscal
E660REZ;Impostos - Redução Z - Movimento;Impuestos - Reducción Z - Movimiento
E660RIV;Tributos - Rastreamento de NF de Venda do ERP Geradora de Apontamento de OP de Produção próprio de Produtos Kit - SPED Fiscal;Tributos - Rastreamiento de FF de Venta de ERP Generadora de Apuntamiento de OP de Producción propio de Productos Kit - SPED Fiscal
E660RMD;Tributos - Rastreamento de Movimento de Desmonte - SPED Fiscal;Tributos - Rastreo de Movimiento de Desmonte - SPED Fiscal
E660RNR;Tributos - Rastreamento de NF de Retorno do ERP Geradora de Apontamento de OP de Produção em Terceiro - SPED Fiscal;Tributos - Rastreamiento de FF de Retorno de ERP Generadora de Apoutamiento de OP de Producción en Tercero - SPED Fiscal
E660ROP;Tributos - Rastreamento de OP do ERP Geradora de Apontamento de OP de Produção Própria - SPED Fiscal;Tributos - Rastreamiento de OP de ERP Generadora de Apuntamiento de OP de Producción Propia - SPED Fiscal
E660ROT;Tributos - Rastreamento de OP do ERP Geradora de Apontamento de OP de Produção em Terceiro - SPED Fiscal;Tributos - Rastreamiento de OP de ERP Generadora de Apuntamiento de OP de Producción en Tercero - SPED Fiscal
E660RPP;Tributos - Rastreamento de Apontamento de OP de Produção Própria Gerador de Transferência Entre Produtos - SPED Fiscal;Tributos - Rastreamiento de Apuntamiento de OP de Producción Propia Generador de Transferencia Entre Productos - SPED Fiscal
E660RPT;Tributos - Rastreamento de Apontamento de OP de Produção em Terceiro Gerador de Transferência Entre Produtos - SPED Fiscal;Tributos - Rastreamiento de Apuntamiento de OP de Producción en Tercero Generador de Transferencia Entre Productos - SPED Fiscal
E660RRZ;Impostos - Registro do controle de saídas de cupons fiscais;Impuestos - Registro del controle de salidas de cupones fiscales
E660RSC;Impostos - Registro de controle de entrada;Impuestos - Registro de control de entrada
E660RSM;Tributos - Registro de médias do controle de entrada do ICMS-ST;Tributos - Registro de promedios del control de entrada del IVA-ST
E660RSV;Impostos - Registro de Controle de Saídas;Impuestos - Registro de Control de Salidas
E660RTC;Impostos - Nota Fiscal de Entrada - Rateios;Impuestos - Factura Proveedor - Prorrateos
E660RTD;Tributos - Rateios de títulos do contas a receber diferidos pela contribuição;Tributos - Prorrateos de títulos de las cuentas a recibir diferidos por la contribución
E660RTE;Tributos - Rastreamento de Movimento de Transferência do ERP Gerador de Transferência Entre Produtos - SPED Fiscal;Tributos - Rastreamiento de Movimiento de Transferencia de ERP Generador de Transferencia Entre Productos - SPED Fiscal
E660RTI;Tributos - Rateios de Títulos do Contas a Receber para IRPJ;Tributos - Prorrateos de Títulos de Cuentas a Recibir para IRPJ* 
E660RTV;Impostos - Nota Fiscal de Saída - Rateios;Impuestos - Factura Venta - Prorrateos
E660RTZ;Impostos - Redução Z - Movimentos - Rateios;Impuestos - Reducción Z - Movimientos - Prorratas
E660SCT;Tributos - Nota Fiscal de Saída - CT-e substituído;Impuestos - Factura de salida - CT-e reemplazado
E660SRT;Impostos - Nota Fiscal de Saída - Impostos Reforma tributária;Impuestos - Factura de Salida - Impuestos Reforma tributaria
E660TDS;Tributos - Tabela Dinâmica - Tabelas - Histórico;Tributos - Tabla Dinámica - Tablas - Histórico
E660TDU;Tributos - Tabela Dinâmica - Última Versão;Tributos - Tabla Dinámica - Última Versión
E660TEP;Tributos - Transferências Entre Produtos - SPED Fiscal;Tributos - Transferencias Entre Productos - SPED Fiscal
E660TIT;Tributos - Títulos de contas a receber diferidos;Tributos - Títulos de cuentas por recibir diferidos
E660TNE;Tributos - Nota fiscal de entrada - Títulos de impostos retidos;Tributos - Factura de entrada - Títulos de impuestos retenidos
E660TNF;Impostos - Redução Z - Totalizadores Não Fiscais;Impuestos - Reducción Z - Totalizadores No Fiscales
E660TNS;Tributos - Nota fiscal de saída - Títulos de impostos retidos;Tributos -Factura de salida - Títulos de impuestos retenidos
E660TOF;Impostos - Redução Z - Totalizadores Fiscais;Impuestos - Reducción Z - Totalizadores Fiscales
E660TOR;Impostos - Redução Z - Detalhamento dos totalizadores importados;Impuestos - Reducción Z - Detalle de los totalizadores importados
E660VVE;Tributos - Volume de Vendas de Combustíveis - SPED Fiscal;Tributos - Volumen de Ventas de Combustibles - SPED Fiscal
E661ACC;Tributos - Ajustes dos Créditos do SPED Contribuições;Tributos - Ajustes de los Créditos del SPED Contribuciones
E661ACS;Tributos - Ajustes das Contribuições do SPED Contribuições;Tributos - Ajustes de las Contribuciones del SPED Contribuciones
E661AIF;Tributos - Ajustes Apuração ISS das Instituições Financeiras;Tributos - Ajustes Evaluación ISS de las Instituciones Financieras
E661AJC;Impostos - Ajustes da apuração do ISS Retido;Impuestos - Ajustes de apuración de ISS retenido
E661AJR;Tributos - Ajustes da apuração do EFD-Reinf;Tributos - Ajustes de la apuración del EFD-Reinf*
E661AJS;Tributos - Ajustes da apuração do ICMS;Tributos - Ajuste de apuración de ICMS*
E661ALT;Tributos - Tabela Dinâmica - Detalhamento Apuração;Tributos - Tabla Dinámica - Detalle Evaluación
E661ARC;Tabelas - Impostos - Acréscimo/Redução da base de cálculo do PIS/Cofins;Tablas - Impuestos - Incremento/Reducción de la base de cálculo del PIS*/Cofins*
E661ASP;Impostos - Resumo da Contribuição do SPED Pis/Cofins;Impuestos - Resumen de la Contribución del SPED Timbre/Cenicana
E661ATD;Tributos - Tabela Dinâmica - Identificação;Tributos - Tabla Dinámica - Identificación
E661CAD;Tributos - Crédito apropriação direta PIS/Cofins;Tributos - Crédito apropiación directa PIS*/Cofins*
E661CAI;Impostos - Compensações Aproveitadas nos Pagamentos;Impuestos - Compensaciones Aprovechadas en los Pagos
E661CAL;Impostos - Resumo da Apuração para a Instituição ou Dependência IdeCtd;Impuestos - Resumen de la Evaluación para la Institución o Dependencia IdeCtd
E661CCC;Impostos - Conta Corrente por Cidade ISS;Impuestos - Cuenta Corriente por Ciudad ISS
E661CCE;Tributos - Controle dos créditos fiscais do ICMS e subapurações;Impuestos - Control de créditos fiscales y subcálculos del ICMS
E661CCF;Tributos - Conta Corrente dos Impostos de Cliente e Fornecedor;Tributos - Cuenta Corriente de los Impuestos de Cliente y Proveedor
E661CCI;Impostos - Conta Corrente dos Impostos;Impuestos - Cuenta Corriente de los Impuestos
E661CEX;Tributos - Controle dos Créditos Extemporâneos de PIS/COFINS;Tributos - Control de los Créditos Extemporáneos de PIS/COFINS
E661CIA;Impostos - Resumo da Apuração dos Impostos por Família Agro;Impuestos - Resumen del Cálculo de Impuestos por Familia Agro
E661CIF;SPED ECF - Lucro Real - Informações da Base de Cálculo dos Incentivos Fiscais;SPED ECF - Lucro Real - Informaciones de la Base de Cálculo de los Incentivos Fiscales
E661CIS;Impostos - Créditos do ISS Retido;Impuestos - Créditos del ISS Retenido
E661CPR;Tributos - Resumo das Origens dos Impostos da Contribuição Previdenciária;Tributos - Resumen de los orígenes de los Impuestos de la Cotización a la Seguridad Social
E661CRA;Tributos - Conferência retenção;Tributos - Conferencia retención
E661CRE;Impostos - Controle dos Créditos Fiscais do SPED Pis/Cofins;Impuestos - Control de los Créditos Fiscales del SPED Pis/Cofins
E661CSP;Impostos - Resumos dos Créditos do SPED Pis/Cofins;Impuestos - Resúmenes de los Créditos del SPED Timbre/Cenicana
E661CSS;Impostos - Resumo da apuração do Simples;Impuestos - Resumen de la liquidación del Simples
E661CUF;Impostos - Conta Corrente dos Impostos por Estado;Impuestos - Cuenta Corriente de los Impuestos por Estado
E661DAI;Tributos - Conta Corrente por Cidade ISS das Instituições Financeiras;Tributos - Cuenta Corriente por Ciudad ISS de las Instituciones Financieras
E661DAN;Tributos - Contribuição diferida em períodos anteriores para SPED PIS/Cofins;Tributos - Contribución diferida en períodos anteriores para SPED PIS/Cofins
E661DCE;Tributos - Demonstrativos do controle dos créd. fiscais do ICMS e subapurações;Impuestos - Declaraciones de control de crédito. Impuesto ICMS y subliquidaciones
E661DCR;Tributos - Detalhamento da retenção;Tributos - Detalle de retención
E661DCT;Tributos - Demonstrativo de Créditos do ICMS Sobre Transporte Aéreo;Impuestos - Declaración de Créditos ICMS en Transporte Aéreo
E661DEC;Impostos - Valores Declaratórios da Apuração;Impuestos - Valores Declaratorios del Cómputo
E661DED;Tributos - Deduções Diversas de PIS/Cofins;Tributos - Diversas Deducciones de PIS/Cofins
E661DGR;Documentos fiscais associados as guias de recolhimento para o EFD ICMS IPI;Documentos fiscales asociados a los comprobantes de pago de EFD ICMS IPI
E661DIF;Tributos - Controle do diferido no período para SPED PIS/Cofins;Tributos - Control del diferido en el período para SPED PIS/Cofins
E661DOC;Tributos - Documentos vinculados a ajustes da apuração do ICMS;Tributos - Documentos vinculados a ajustes da apuración del IVA
E661DOR;Tributos - Origem Controle de Retenções;Tributos - Origen Control de Retenciones
E661EAB;Créditos de PIS/COFINS Relativos a Abertura de Estoque;Créditos de PIS*/COFINS* Relativos a Abertura de Depósito
E661FAF;Tributos - Modalidade FAF;Impuestos - Tipo FAF
E661GRI;Impostos - Guias de Recolhimento de Impostos;Impuestos - Formas del Pago del Impuesto
E661HTL;Impostos - Histórico de transferência de linhas;Impuestos - Historial de transferencia de líneas
E661IAC;Tributos - Controle do Valor Acumulado dos Impostos;Impuestos - Control del Valor Acumulado de los Impuestos
E661ICR;Tributos - Resumo da apuração por código do documento de arrecadação;Tributos - Resumen de la apuración por código del documento de recaudación
E661IDS;Imobiliárias - Unidade Imobiliária Vendida - Dispositivos Fiscais;Inmobiliarias - Unidad Inmobiliaria Vendida - Dispositivos Fiscales
E661IID;Imobiliárias - Incorporação Imobiliária - RET - Dispositivos Fiscais;Inmobiliarias - Incorporación Inmobiliaria - RET - Dispositivos Fiscales
E661IIR;Imobiliárias - Incorporação Imobiliária - Regimes Especiais de Tributação;Inmobiliarias - Incorporación Inmobiliaria - Regímenes Especiales de Tributación
E661IVI;Imobiliárias - Unidade Imobiliária Vendida - Custo Incorrido;Inmobiliarias - Unidad Inmobiliaria Vendida - Costo Incurrido
E661IVO;Imobiliárias - Unidade Imobiliária Vendida - Custo Orçado;Inmobiliarias - Unidad Inmobiliaria Vendida - Costo Presupuestado
E661IVR;Imobiliárias - Unidade Imobiliária Vendida - Valores Recebidos;Inmobiliarias - Unidad Inmobiliaria Vendida - Valores Recibidos
E661LRA;Tributos - Ligação resumo apuração e ajustes;Tributos  - Conexión resumen apuración y ajustes
E661MCI;Impostos - Movimentos dos Impostos;Impuestos - Movimientos de los Impuestos
E661OAS;Impostos - Detalhamento Contribuição para SPED Pis/Cofins;Impuestos - Minuciosidad Contribución para SPED Timbre/Cenicana
E661OCF;Tributos - Resumo das Origens dos Impostos de Cliente e Fornecedor;Tributos - Resumen de los Orígenes de los Impuestos de Cliente y Proveedor
E661OCI;Impostos - Resumo das Origens dos Impostos por Cidade ISS;Impuestos - Resumen de Orígenes de los impuestos por Ciudad ISS
E661OCS;Impostos - Detalhamento Base Cálculo do Crédito SPED Pis/Cofins;Impuestos - Minuciosidad Base Cálculo del Crédito SPED Timbre/Cenicana
E661OCX;Impostos - Resumo das Origens dos Impostos de Regime de Caixa para Pis e Cofins;Impuestos - Resumen de los Orígenes de los Impuestos de Régimen de Caja para Pis y Cofins
E661ODI;Tributos - Origens da contribuição diferida em períodos anteriores;Tributos - Orígenes de la contribución diferida en períodos anteriores
E661OES;Tributos - Resumo das Origens dos Impostos por Produto;Tributos - Resumen de los Orígenes de los Impuestos por Producto
E661OIM;Imobiliárias - Locações/Intermediações;Inmobiliarias - Locaciones/Intermediaciones
E661ONF;Origens apuração do FUST e FUNTTEL;Orígenes del cálculo FUST y FUNTTEL
E661ORI;Impostos - Resumo das Origens dos Impostos;Impuestos - Resumen de los Orígenes de los Impuestos
E661ORR;Tributos - Origem Controle de Retenções(E661RET);Tributos - Origen Control de Retenciones(E661RET)
E661OUF;Impostos - Resumo das Origens dos Impostos por Estado;Impuestos - Resumen de los Orígenes de los Impuestos por Estado
E661PAP;Tributos - Cadastro dos Parâmetros da Apuração do Imposto;Tributos - Registro de los Parámetros de Apuración de Impuesto
E661PID;Nota Fiscal Saída Parcela ICMS Importação;Importación ICMS de cuotas de salida de facturas
E661PII;Nota Fiscal Entrada Parcela ICMS Importação;Importación ICMS de cuotas de entrada de facturas de impuestos
E661RAE;Impostos - Resumo do Cálculo - Adicionais e Exclusões;Impuestos - Resumen del Cálculo - Adicionales y Exclusiones
E661RAF;Impostos - Resumo do Imposto por Agrupamento Fiscal;Impuestos - Resumen de los Movimientos de los Impuestos
E661RAT;Impostos - Rateios dos Movimentos dos Impostos;Impuestos - Prorrateos de los Movimientos de los Impuestos
E661RCF;Tributos - Resumo do Cálculo dos Impostos de Cliente e Fornecedor;Tributos - Resumen del Cálculo de los Impuestos de Cliente y Proveedor
E661REC;Impostos - Resumo do Imposto por Cidade ISS;Impuesto - Resumen de Impuesto por Ciudad ISS
E661RES;Impostos - Resumo do Cálculo dos Impostos;Impuestos - Resumen del Cálculo de los Impuestos
E661RET;Impostos - Controle dos Valores Retidos do SPED PIS/Cofins;Impuestos - Control de los Valores Retenidos del SPED PIS/Cofins
E661RPR;Tributos - Resumo por produto para a GNRE;Tributos - Resumen por producto para la GNRE*
E661RRR;Tributos - Detalhamento das Restituições;Tributos - Detalle de las Restituciones
E661RRT;Tributos - Detalhamento das Compensações;Tributos - Detalle de las Compensaciones
E661RST;Tributos - Resumo dos Créditos da Apuração;Tributos - Resumen de los Créditos de la Apuración
E661RTD;Tributos - Tabela Dinâmica - Resumo Apuração;Tributos - Tabla Dinámica - Resumen Evaluación
E661RUF;Impostos - Resumo do Cálculo dos Impostos por Estado;Impuestos - Resumen del Cálculo de los Impuestos por Estado
E661SAC;Tributos - Saldo do Controle de Retenções para Origem;Tributos - Saldo de Control de Retenciones para Origen
E661SCO;Tributos - Composição Base Cálculo PIS/COFINS - Soc. Cooperativas;Tributos - Composición Base Cálculo PIS*/COFINS* - Soc. Cooperativas
E661SCR;Sequenciamento de utilização das Créditos;Seguimiento de utilización de los Créditos
E661SRE;Sequenciamento de utilização das Retenções;Seguimiento de utilización de las Retenciones
E661TCD;Tributos - Títulos do Conta Corrente dos Impostos por Cidade ISS;Tributos - Títulos de Cuenta Corriente de los impuestos por Ciudad ISS
E661TCF;Tributos - Títulos do Conta Corrente dos Impostos de Cliente e Fornecedor;Tributos - Títulos de la Cuenta Corriente de los Impuestos de Cliente y Proveedor
E661TCI;Tributos - Títulos do Conta Corrente dos Impostos;Tributos - Títulos de la Cuenta Corriente de los Impuestos
E661TCP;Tributos - Resumo Origens Contribuição Previdenciária X Transação;Tributos - Resumo Origenes Contribución Previdenciaria X Transacción
E661TCR;Tributos - Resumo Origens Contribuição Previdenciária X Código do Ajuste - REINF;Tributos - Resumen Origenes Contribución Previsional X Código del Ajuste - REINF*
E661TUF;Tributos - Títulos do Conta Corrente dos Impostos por Estado;Tributos - Títulos de la Cuenta Corriente de los Impuestos por Estado
E661UCR;Método de utilização Retenções/Créditos PIS/COFINS;Método de utilización Retenciones/Créditos PIS*/COFINS*
E661UIV;Imobiliárias - Unidade Imobiliária Vendida;Inmobiliarias - Unidad Inmobiliaria Vendida
E661VIE;Impostos - Valores Internos e Externos;Impuestos - Valores Internos y Externos
E661VIS;Tributos - Tabela Dinâmica - Visão Contábil;Tributos - Tabla Dinámica - Visión Contable
E662ALT;Tributos - Prévias IRPJ/CSLL - Detalhamento Apuração;Tributos - Previas IRPJ*/CSLL* - Detalle Evaluación
E662CAL;Impostos - Resumo Prévias da Apuração para a Instituição ou Dependência Tributação Desif;Impuestos - Resumen Previas de la Evaluación para la Institución o Dependencia Tributación Desif
E662CCC;Tributos - Prévias do ISS Retido - Apuração;Tributos - Previas del ISS* Retenido - Evaluación
E662CPC;Tributos - Prévias PIS/Cofins - Créditos;Tributos - Previas PIS*/Cofins* - Créditos
E662CPS;Impostos - Controle dos Impostos a Compensar;Impuestos - Control de los Impuestos a Compensar
E662DAI;Tributos - Prévias do ISS das Inst. Financeiras - Detalhamento;Tributos - Previas del ISS* de las Inst. Financieras - Detalle
E662DCC;Tributos - Prévias PIS/Cofins - Base Créditos;Tributos - Previas PIS*/Cofins* - Base Créditos
E662EAB;Tributos - Prévias PIS/Cofins - Abertura de Estoque;Tributos - Previas PIS*/Cofins* - Apertura de Stock
E662IBI;Tributos - Prévias PIS/Cofins - Receitas, Deduções e Exclusões Financeiras;Tributos - Previas PIS*/Cofins* - Ingresos, Deducciones y Exclusiones Financieras
E662ICI;Tributos - Prévias ISS Retido - Itens Nota Fiscal de Entrada;Tributos - Previas ISS Retenido - Ítems Factura de Entrada
E662ICP;Impostos - Aproveitamento das Compensações;Impuestos - Aprovechamiento de los Pagos Libranzas
E662INC;Tributos - Prévias PIS/Cofins - Itens Nota Fiscal de Entrada;Tributos - Previas PIS*/Cofins* - Ítems Factura de Entrada
E662INF;Tributos - Prévias PIS/Cofins - Informações Mensais;Tributos - Previas PIS*/Cofins* - Informaciones Mensuales
E662INV;Tributos - Prévias PIS/Cofins - Itens Nota Fiscal de Saída;Tributos - Previas PIS*/Cofins* - Ítems Factura de Salida
E662IPC;Tributos - Prévias PIS/Cofins - Contribuições;Tributos - Previas PIS*/Cofins* - Contribuciones
E662IRZ;Tributos - Prévias PIS/Cofins - Itens Cupom Fiscal;Tributos - Previas PIS*/Cofins* - Ítems Cupón Fiscal
E662ISI;Tributos - Prévias ISS Retido - Itens Nota Fiscal de Saída;Tributos - Previas ISS* Retenido - Ítems Factura de Salida
E662IVI;Tributos - Prévias PIS/Cofins - Custo Incorrido;Tributos - Previas PIS*/Cofins* - Costo Incurrido
E662IVO;Tributos - Prévias PIS/Cofins - Custo Orçado;Tributos - Previas PIS*/Cofins* - Costo Presupuestado
E662IVR;Tributos - Prévias PIS/Cofins - Valores Recebidos;Tributos - Previas PIS*/Cofins* - Valores Recibidos
E662MOV;Tributos - Prévias PIS/Cofins - Patrimônio;Tributos - Previas PIS*/Cofins* - Patrimonio
E662ODE;Tributos - Prévias PIS/Cofins - Outros Documentos de Entrada;Tributos - Previas PIS*/Cofins* - Otros Documentos de Entrada
E662ODS;Tributos - Prévias PIS/Cofins - Outros Documentos de Entrada;Tributos - Previas PIS*/Cofins* - Otros Documentos de Entrada
E662OIF;Tributos - Prévias do ISS das Inst. Financeiras - Origens;Tributos - Previas del ISS* de las Inst. Financieras - Orígenes
E662PIF;Tributos - Prévias do ISS das Inst. Financeiras - Apuração;Tributos - Previas del ISS* de las Inst. Financieras - Evaluación
E662PIT;Tributos - Prévias do ISS Retido - Identificação;Tributos - Previas del ISS* Retenido - Identificación
E662PPC;Tributos - Prévias PIS/Cofins - Apuração;Tributos - Previas PIS*/Cofins* - Evaluación
E662RCX;Tributos - Prévias PIS/Cofins - Regime de Caixa;Tributos - Previas PIS*/Cofins* - Régimen de Caja
E662RTD;Tributos - Prévias do IRPJ/CSLL - Apuração;Tributos - Previas del IRPJ*/CSLL* - Evaluación
E663AIP;Gestão de Tributos - DIMP - Registro 0600;Gestión Tributaria - DIMP - Registro 0600
E663CCL;Gestão de Tributos - DIMP - Registro 0100;Gestión Tributaria - DIMP - Registro 0100
E663CCP;Gestão de Tributos - DIMP - Competência;Gestión Tributaria - DIMP - Competencia
E663CMC;Gestão de Tributos - DIMP - Registro 0200;Gestión Tributaria - DIMP - Registro 0200
E663CVC;Gestão de Tributos - DIMP - Registro 0105;Gestión Tributaria - DIMP - Registro 0105
E663DIP;Gestão de Tributos - DIMP - Registro 0300;Gestión Tributaria - DIMP - Registro 0300
E663DIS;Dispositivos Fiscais - Cadastro;Dispositivos Fiscales - Maestros
E663IIE;Gestão de Tributos - DIMP - Registro 0700;Gestión Tributaria - DIMP - Registro 0700
E663ILD;Gestão de Tributos - DIMP - Registro 0002;Gestión Tributaria - DIMP - Registro 0002
E663MOF;Gestão de Tributos - DIMP - Resumo mensal das operações financeiras (Registro 1500 e 1600);Gestión Tributaria - DIMP - Resumen mensual de transacciones financieras (Registro 1500 y 1600)
E663ODP;Gestão de Tributos - DIMP - Operações diárias de pagamento (registros 1100 e 1200);Gestión Tributaria - DIMP - Operaciones de pago diarias (registros 1100 y 1200)
E663TCC;Gestão de Tributos - DIMP - Registro 0200;Gestión Tributaria - DIMP - Registro 0200
E664CBL;Tributos - LALUR/LACS - Lançamentos - Contas Contábeis - Lançamentos;Tributos - LALUR/LACS - Lanzamientos - Cuentas Contables - Lanzamientos
E664CTB;Tributos - LALUR/LACS - Lançamentos - Contas Contábeis;Tributos - LALUR/LACS - Lanzamientos - Cuentas Contables
E664DIS;Tributos - LALUR/LACS - Lançamentos - Dispositivos Fiscais;Tributos - LALUR/LACS - Lanzamientos - Dispositivos Fiscales
E664LCB;Tributos - LALUR/LACS - Lançamentos - Parte B;Tributos - LALUR/LACS - Lanzamientos - Parte B
E664LCT;Tributos - LALUR/LACS - Lançamentos;Tributos - LALUR/LACS - Lanzamientos
E664OCT;Tributos - LALUR/LACS - Lançamentos - Origens Contas Contábeis;Tributos - LALUR/LACS - Lanzamientos - Orígenes Cuentas Contables
E664SAL;Tributos - LALUR/LACS - Controle de Saldos das Contas da Parte B;Tributos - LALUR/LACS - Control de Saldos de las Cuentas da Parte B
E665ACC;Tributos - Auxiliar do módulo 3 (fichas 3A e 3B) da apuração da CAT83/09, para crédito acumulado de ICMS;Tributos - Auxiliar del módulo 3 (fichas 3A e 3B) de la determinación de la CAT83/09, para crédito acumulado de ICMS*
E665ACD;Tributos - Auxiliar do módulo 3 (fichas 3A e 3B) da apuração da CAT83/09, para devolução de saída;Tributos - Auxiliar del módulo 3 (formularios 3A y 3B) de la apuración de la CAT83/09, para devolución de salida
E665CEA;Tributos - Componentes Ficha 5A - Ficha Técnica unitária da produção,  Apuração da CAT83/09;Tributos - Componentes Formulario 5A - Formulario Técnico unitario de producción, Apuración de CAT83/09
E665CEG;Tributos - Componentes Ficha 5G - Inventário de produtos em elaboração por material componente,  Apuração da CAT83/09;Tributos - Componentes Formulario 5G - Inventario de productos en elaboración por material componente, Determinación de la CAT83/09
E665CLO;Tributos - Códigos de lançamento para CAT83/09;Tributos - Códigos de asiento para CAT83/09
E665FAA;Tributos - Ficha 1A - Controle de Materiais,  Apuração da CAT83/09;Tributos - Ficha 1A - Control de Materiales, Apuración de CAT83/09
E665FAB;Tributos - Ficha 1B - Controle de Valores Agregados na Industrialização por outro Estabelecimento, Apuração da CAT83/09;Tributos - Ficha 1B - Control de Valores Agregados en la Industrialización por otro Establecimiento, Apuración de la CAT83/09
E665FAD;Tributos - Ficha 1D - Controle de Serviços de Comunicações, Apuração da CAT83/09;Tributos - Formulario 1D - Control de Servicios de Comunicaciones, Apuración de la CAT83/09
E665FBG;Tributos - Ficha 2G - Produtos em Elaboração,  Apuração da CAT83/09;Tributos - Formulario 2G - Productos de Elaboración, Apuración de CAT83/09
E665FCA;Tributos - Ficha 3A - Controle de Produtos Acabados,  Apuração da CAT83/09;Tributos - Ficha 3A - Control de Productos Acabados,  Determinación de la CAT83/09
E665FCB;Tributos - Ficha 3B - Controle de Materiais,  Apuração da CAT83/09;Tributos - Ficha 3B - Control de Materiales, Apuración de CAT83/09
E665FCL;Tributos - Filtros de códigos de lançamento para CAT83/09;Tributos - Filtros de códigos de asiento para CAT83/09
E665FEA;Tributos - Ficha 5A - Ficha Técnica unitária da produção,  Apuração da CAT83/09;Tributos - Formulario 5A - Formulario Técnico unitario de la producción,  Determinación de la CAT83/09
E665FEB;Tributos - Ficha 5B - Demonstrativo de Materiais Resultantes de Perdas e Sobras - Produtos em Elaboração,  Apuração da CAT83/09;Tributos - Ficha 5B - Demonstrativo de Materiales Resultantes de Perdidas y Sobras - Productos en Elaboración, Apuración de CAT83/09
E665FEG;Tributos - Ficha 5G - Inventário de produtos em elaboração por material componente,  Apuração da CAT83/09;Tributos - Formulario 5G - Inventario de productos en elaboración por material componente,  Determinación de la CAT83/09
E665FEH;Tributos - Ficha 5H - Dados da exportação indireta comprovada,  Apuração da CAT83/09;Tributos - Formulario 5H - Datos de exportación indirecta comprobada, Apuración de CAT83/09
E665FFC;Tributos - Ficha 6C - Demonstrativo das Operações Geradoras de Crédito Acumulado do ICMS (Saídas sem o pagamento do Imposto - Exportação),  Apuração da CAT83/09;Tributos - Formulario 6C - Demostrativo de las Operaciones Generadoras de Crédito Acumulado do ICMS* (Salidas sin el pago de Impuesto - Exportación),  Apuración de  CAT83/09
E665FFD;Tributos - Ficha 6D - Demonstrativo das Operações Geradoras de Crédito Acumulado do ICMS (Saídas sem o pagamento do Imposto - Zona Franca de Manaus),  Apuração da CAT83/09;Tributos - Formulario 6D - Demostrativo de las Operaciones Generadoras de Crédito Acumulado del ICMS* (Salidas sin el pago de Impuesto - Zona Franca de Manaus),  Apuración de la CAT83/09
E665FME;Tributos - Filtros de códigos de lançamento de movimentos de estoque para CAT83/09;Tributos - Filtros de códigos de lanzamiento de movimiento de deposito para CAT83/09
E665FNE;Tributos - Filtros de códigos de lançamento de notas fiscais de entrada para CAT83/09.;Tributos - Filtros de lanzamiento de facturas de entrada para CAT83/09
E665FNS;Tributos - Filtros de códigos de lançamento de notas fiscais de saída para CAT83/09.;Tributos - Filtros de códigos de lanzamiento de facturas en salida para CAT83/09.
E665LAN;Tributos - Lançamentos da apuração da CAT83/09;Tributos - Lanzamientos de apuración de CAT83/09
E665LDD;Tributos - Itens de documentos diversos relacionados aos lançamentos da apuração da CAT83/09;Tributos - Elementos de documentos diversos relacionados a los asientos de la determinación de la CAT83/09
E665LIE;Tributos - Itens de nota fiscal de entrada relacionados aos lançamentos da apuração da CAT83/09;Tributos - elementos de factura de entrada relacionados a los lanzamientos de apuración de CAT83/09
E665LIS;Tributos - Itens de nota fiscal de saída relacionados aos lançamentos da apuração da CAT83/09;Tributos - Elementos de factura de salida relacionados a los lanzamientos de la apuración de la CAT83/09
E665LME;Tributos - Movimentos de estoques relacionados aos lançamentos da apuração da CAT83/09;Tributos - Movimientos de depósitos relacionados a los asientos de la determinación de la CAT83/09
E665LTR;Tributos - Transferência de lançamentos da CAT83/09;Tributos - Transferencia de asientos de la CAT83/09
E665MAA;Tributos - Movimentação Ficha 1A - Controle de Materiais, Apuração da CAT83/09;Tributos - Movimiento Formulario 1A - Control de Materiales, Apuración de la CAT83/09 
E665MAB;Tributos - Movimentação Ficha 1B - Controle de Valores Agregados na Industrialização por outro Estabelecimento, Apuração da CAT83/09;Tributos - Movimiento Formulario 1B - Control de Valores Agregados en la Industrialización por otro Establecimiento, Apuración de la CAT83/09
E665MAC;Tributos - Movimentação Ficha 1C - Controle de Energia Eletrica, Apuração da CAT83/09;Tributos - Movimiento Ficha 1C - Control de Energía Eléctrica, Apuración de CAT83/09
E665MAD;Tributos - Movimentação Ficha 1D - Controle de Serviços de Comunicações, Apuração da CAT83/09;Tributos - Movimiento Formulario 1D - Control de Servicios de Comunicaciones, Apuración de la CAT83/09
E665MBE;Tributos - Movimentos da Ficha 2E - Gastos Gerais de Fabricação, Apuração da CAT83/09;Tributos - Movimientos del Formulario 2E - Gastos Generales de Fabricación, Determinación de la CAT83/09
E665MBG;Tributos - Movimentação Ficha 2G - Produtos em Elaboração, Apuração da CAT83/09;Tributos - Movimientos Formulario 2G - Productos en Elaboración, Apuración de WAT83/09 
E665MCA;Tributos - Movimentação Ficha 3A - Controle de Produtos Acabados, Apuração da CAT83/09;Tributos - Movimientos Formulario 3A - Control de Productos Acabados, Determinación de la CAT83/09 
E665MCB;Tributos - Movimentação Ficha 3B - Controle de Mercadorias de Revenda, Apuração da CAT83/09;Tributos - Movimientos Formulario 3B - Control de Mercaderías de Reventa, Determinación de WAT83/09 
E665MEB;Tributos - Movimentação Ficha 5B - Demonstrativo de Materiais Resultantes de Perdas e Sobras, Apuração da CAT83/09;Tributos - Movimientos Formulario 5B - Demostrativo de Materiales Resultantes de Perdidas y Sobras, Apuración de la CAT83/09 
E665PAT;Tributos - Parâmetros para CAT83/09;Tributos - Parámetros para CAT83/09
E665PEA;Tributos - Período apuração CAT83/09;Tributos - Período determinación CAT83/09
E665PNE;Tributos - Parâmetros para CAT83/09 - Natureza de Gasto Energia Elétrica;Tributos - Parámetros para CAT83/09 - Naturaleza de Gasto Energía Eléctrica
E665PNG;Tributos - Parâmetros para CAT83/09 - Natureza de Gasto Gastos Gerais Fabricação;Tributos - Parámetros para CAT83/09 - Naturaleza de Gasto Gastos Generales Fabricación
E665REA;Tributos - Ficha 5A/5B - Auxiliar Rateio Reaproveitamento, Apuração da CAT83/09;Tributos - Formulario 5A/5B - Auxiliar Prorrateo Reaprovechamiento, Apuración de la CAT83/09
E666FGT;Impostos - Faturamento Mês p/ Grupo Fiscal x Transação;Impuestos - Facturación Mes p/ Grupo Fiscal x Transacción 
E667FMB;Impostos - Faturamento Mês Bruto Por Filial;Impuestos - Facturación Mes Bruto por Sucursal
E667OIC;Tributos - Origens da Apuração do Faturamento do IRPJ/CSLL;Tributos - Orígenes de la Determinación de la Facturación del IRPJ/CSLL
E667RAC;Tributos - Receita apurada - CSLL;Tributos - Receta apurada - CSLL
E667RAF;Tributos - Receita apurada;Tributos - Receta apurada
E667RAI;Tributos - Receita apurada - IRPJ;Tributos - Receta apurada - IRPJ
E667RDC;Tributos - Receita apurada - CSLL - Detalhamento;Tributos - Receta apurada - CSLL - Detalle
E667RDI;Tributos - Receita apurada - IRPJ - Detalhamento;Tributos - Receta apurada - IRPJ - Detalle
E667SFB;Impostos - Faturamento Mês para SPED Pis/Cofins;Impuestos - Facturación Mes para SPED Timbre/Cenicana
E667SMC;Impostos - Matriz de Crédito SPED Pis/Cofins;Impuestos - Matriz de Crédito SPED Timbre/Cenicana
E667SOR;Impostos - Resumo das Origens do Faturamento Mês para SPED Pis/Cofins;Impuestos - Resumen de los Orígenes del Facturación Mes para SPED Timbre/Cenicana
E668FAE;Impostos - Faturamento Mês Líquido - Adições e Exclusões;Impuestos - Facturación Mes Neto - Adiciones y Exclusiones
E668FML;Impostos - Faturamento Mês Líquido da Empresa;Impuestos - Facturación Mes Neto de la Empresa
E668SAE;Impostos - Faturamento Mês para SPED Pis/Cofins - Adições e Exclusões;Impuestos - Facturación Mes para SPED Timbre/Cenicana - Sumas y Exclusiones
E669CCP;Tabela - Portaria CAT 42/2018 - Produtos Utilizados;Tabla - Portería CAT 42/2018 - Productos Utilizados
E669CIN;Tributos - NFTS - Mensagens de retorno do eDOCS;Impuestos - NFTS - mensajes de devolución eDOCS
E669CNE;Tabela - Portaria CAT 42/2018 - Notas Fiscais de Entrada Utilizadas;Tabla - Portería CAT 42/2018 - Facturas de Entrada Utilizadas
E669CNS;Tabela - Portaria CAT 42/2018 - Notas Fiscais de Saída Utilizadas;Tabla - Portería CAT 42/2018 - Facturas de Salida Utilizadas
E669CRP;Tabela - Tributos - Composição das receitas do período, receita bruta e demais receitas;Tabla - Tributos - Composición de los ingresos del período, ingreso bruto y demás ingresos
E669CXE;Tabelas - Controle por Escrituração;Tablas - Control por Escritura
E669DEC;Tabelas - Tributos - Parâmetros Geração por Declaração;Tablas - Tributos - Parámetros Generación por Declaración
E669DFC;Lançamentos - Controle Documentos Cancelados;Asientos - Control Documentos Cancelados
E669DFI;Lançamentos - Controle Documentos Utilizados;Asientos - Control Documentos Utilizados
E669DRE;Tabelas - Tributos - Linhas Geração por Declaração;Tablas - Tributos - Parámetros Generación por Declaración
E669ECD;Tabela - Tributos - Estrutura de conferência das declarações;Tabla - Impuestos - Estructura de verificación de extractos
E669FCD;Tabela - Tributos - Filtros de conferência das declarações;Tabla - Impuestos - Filtros de verificación de declaraciones
E669NRE;Tributos - NFTS - Número do recibo;Impuestos - NFTS - Número de recibo
E669PXE;Tabelas - Parâmetros por Escrituração;Tablas - Parámetros por Escritura
E669TDL;Tributos - Tabela Dinâmica Não Relacionada Apuração - Detalhamento;Tributos - Tabla Dinámica No Relacionada Evaluación - Detalle
E669TDN;Tributos - Tabela Dinâmica Não Relacionada Apuração;Tributos - Tabla Dinámica No Relacionada Evaluación
E670BEM;Patrimônio - Cadastro dos Bens do Patrimônio;Patrimonio - Maestros de los Bienes del Patrimonio
E670CAL;Patrimônio - Histórico do Cálculo do Bem;Patrimonio - Histórico del Cálculo del Bien
E670CCB;Patrimônio - Características do Bem;Patrimonio - Características del Bien
E670CEX;Patrimônio - Bens - Exaustão - Competências;Patrimonio - Bienes - Agotamiento - Comprobantes de Pago
E670CIN;Patrimônio - Histórico do Cálculo do Incentivo;Patrimonio - Histórico del Cálculo del Incentivo
E670DRA;Patrimônio - Bens - Definições de rateios;Patrimonio - Bienes - Definiciones de prorrateos
E670INC;Patrimônio - Incentivos Fiscais do Bem;Patrimonio - Incentivos Fiscales de los Bienes
E670LOC;Patrimônio - Localização do Bem;Patrimonio - Ubicación de los Bienes
E670LOG;Patrimônio - Log de Telas;Patrimonio - Log de Pantallas
E670MLO;Patrimônio - Movimentos de Localizações;Patrimonio - Movimientos de Ubicaciones
E670MOV;Patrimônio - Movimentação Contábil;Patrimonio - Movimientos Contable
E670OBS;Patrimônio - Observações do Bem;Patrimonio - Observaciones de los Bienes
E670PEX;Patrimônio - Bens - Exaustão - Anos/Vida Útil;Patrimonio - Bienes - Agotamiento - Años/Vida Útil
E670POR;Patrimônio - Portadores de bens;Patrimonio - Portadores de los bienes
E670RAT;Patrimônio - Rateios da Movimentação Contábil;Patrimonio - Prorrateos del Movimiento Contable
E670SAL;Patrimônio - Saldos Mensais do Patrimônio;Patrimonio - Saldos Mensuales del Patrimonio
E673CBM;Patrimônio - Cadastro das Características do Bem;Patrimonio - Maestro de las Características de los Bienes
E673CCB;Patrimônio - Cadastro dos Componentes Características;Patrimonio - Maestro de los Componentes Características
E674CEX;Patrimônio - Espécies - Exaustão - Competências;Patrimonio - Especies - Agotamiento - Comprobantes de Pago
E674CON;Patrimônio - Cadastro das Contas Contábeis para Contabilização;Patrimonio - Maestro de Cuentas Contables para Ingreso
E674ESP;Patrimônio - Cadastro de Espécies;Patrimonio - Maestro de Especies
E674INV;Patrimônio - Cadastro de Investimentos;Patrimonio - Maestro de Inversión
E674LOR;Patrimônio - Cadastro de Locais;Patrimonio - Maestro de Lugares
E674PEA;Patrimônio - Parâmetros por Espécie e Tipo de Acréscimo;Patrimonio - Parámetros por Especie y Tipo de Adición
E674PEN;Patrimônio - Cadastro de Penhores;Patrimonio - Maestro de Pignoración
E674PEX;Patrimônio - Espécies - Exaustão - Anos/Vida Útil;Patrimonio - Especies - Agotamiento - Años/Vida Útil
E674TUR;Patrimônio - Cadastro de Turnos para Desvalorização;Patrimonio - Maestro de Turnos para Depreciación
E675TIN;Patrimônio - Tipos de Incentivos;Patrimonio - Tipos de Incentivos
E676BIN;Patrimônio - Bens do Inventário;Patrimonio - Bienes del Inventario
E676CON;Patrimônio - Conferências do Inventário;Patrimonio - Conferencias del Inventario
E676INV;Patrimônio - Cadastro de Inventários;Patrimonio - Maestro de Inventarios
E676MOC;Patrimônio - Movimentos de Conciliação do Inventário;Patrimonio - Movimientos de Conciliación
E690ADI;Tributos - REINF - Processos relacionados a não retenção de CP - Entradas;Impuestos - REINF* - Procesos relacionados a la no retención de CP - Entradas
E690ADJ;Tributos - REINF - Processos relacionados a não retenção de CP - Saídas;Impuestos - REINF* - Procesos relacionados a la no retención de CP - Salidas
E690ADR;Tributos - REINF - Receitas Repassadas para Associação Desportiva;Tributos - REINF* - Ingresos Repasados para Asociación Deportiva
E690ADS;Tributos - REINF - Receitas Recebidas por Associação Desportiva;Impuestos - REINF* - Ingresos Recibidos por Asociación Deportiva
E690AJS;Tributos - REINF - Ajustes da contribuição apurada no período;Impuestos - REINF* - Ajustes de la contribución apurada en el período
E690APR;Tributos - REINF - Aquisição de Produção Rural;Impuestos - REINF - Adquisición de Producción Rural
E690ARE;Tributos - REINF - Receitas Repassadas para Associação Desportiva - Recursos Repassados;Impuestos - REINF* - Ingresos Repasados para Asociación Deportiva - Recursos Repasados
E690ARJ;Tributos - REINF - Pessoa Jurídica - Identificação do Advogado;Tributos - REINF* - Persona Jurídica - Identificación del Abogado
E690ARP;Tributos - REINF - Pessoa Fisica - Identificação do Advogado;Tributos - REINF* - Persona Física - Identificación del Abogado
E690ARR;Tributos - REINF - Receitas Recebidas por Associação Desportiva - Recursos Recebidos;Impuestos - REINF* - Ingresos Recibidos por Asociación Deportiva - Recursos Recibidos
E690ARV;Tributos - REINF - Pessoa Física - Identificação do Advogado;Tributos - REINF* - Persona Física - Identificación del Abogado
E690BNI;Tributos - REINF - Retenções na Fonte - Beneficiários não identificados;Tributos - REINF* - Retenciones en la Fuente - Beneficiarios no identificados
E690BNP;Tributos - REINF - Beneficiários não identificados - Processos;Impuestos - REINF - Beneficiarios no identificados - Trámites
E690BPA;Tributos - REINF - Pessoa Física - Informações dos dependentes e beneficiários da pensão alimentícia;Impuestos - REINF - Personas Físicas - Información sobre dependientes y beneficiarios de alimentos
E690CIN;Tributos - REINF - Mensagens de retorno do eDOCS;Tributos - REINF* - Mensajes de retorno del eDOCS
E690CON;Tributos - REINF - Detalhamento da receita bruta;Impuestos - REINF* - Detalle del ingreso bruto
E690CPT;Tributos - REINF - Cadastro de Competência;Impuestos - REINF* - Registro de Competencia
E690CRP;Tributos - REINF - Detalhamento da receita bruta - Processos;Tributos - REINF* - Detalle del ingreso bruto - Procesos
E690DDE;Tributos - REINF - Pessoa Física - Detalhamento das Deduções;Tributos - REINF* - Persona Física - Detalle de las Deducciones
E690DPS;Tributos - REINF - Pessoa Física - Dependente do plano de saúde coletivo empresarial;Tributos - REINF* - Persona Física - Dependiente del plan de salud colectivo empresarial
E690DSS;Tributos - REINF - Totalização das Receitas;Tributos - REINF* - Totalización de los Ingresos
E690ICP;Tributos - REINF - Informação da Comercialização de Produção;Tributos - REINF* - Información de la Comercialización de Producción
E690INC;Tributos - REINF - Itens da Nota Fiscal de Entrada;Impuestos - REINF* - Elementos de la Factura de Entrada
E690INV;Tributos - REINF - Itens da Nota Fiscal de Saída;Impuestos - REINF* - Elementos de la Factura de Salida
E690IRE;Tributos - REINF - Pessoa Fisica - Reembolso do titula do plano de saúde coletivo empresarial;Tributos - REINF* - Persona Física - Reembolso del titular del plan de salud colectivo empresarial
E690NFC;Tributos - REINF - Nota Fiscal de Entrada;Impuestos - REINF* - Factura de Entrada
E690NFV;Tributos - REINF - Nota Fiscal de Saída;Tributos - REINF* - Factura de Salida
E690NRE;Tributos - REINF - Número do Recibo;Tributos - REINF* - Número del Recibo
E690OFJ;Tributos - REINF - Origem das retenções dos registros R-4010 e R-4020;Impuestos - REINF - Origen de las retenciones de los registros R-4010 y R-4020
E690OPS;Tributos - REINF - Pessoa Fisica - Identificação da operadora de plano privado de saúde coletivo empresarial de assistência à saúde;Tributos - REINF* - Persona Física - Identificación de la operadora de plan privado de salud colectivo empresarial de asistencia a la salud
E690ORE;Tributos - REINF - Outras Receitas do Esperáculo Desportivo;Tributos - REINF* - Otros Ingresos del Espectáculo Deportivo
E690ORI;Impostos - Resumo das Origens da EFD Reinf;Impuestos - Resumen de las Origenes de la EFD* Reinf*
E690PAR;Tributos - REINF - Processos relacionados a não retenção de CP - Aquisição de Produção Rural;Impuestos - REINF - Procesos relacionados con la no retención de CP - Adquisición de Producción Rural
E690PDS;Tributos - REINF - Processos relacionados a não retenção de CP;Tributos - REINF* - Procesos relacionados a no retención de CP
E690PJU;Tributos - REINF - Pessoa Física - Demais rendimentos decorrentes de decisão judicial.;Tributos - REINF* - Persona Física - Demás rendimientos decurrentes de decisión judicial.
E690PNR;Tributos - REINF - Pessoa Jurídica - Informações de processos relacionados a não retenção de tributos ou depósitos judiciais;Tributos - REINF* - Persona Jurídica - Informaciones de procesos relacionados a no retención de tributos o depósitos judiciales
E690PPF;Tributos - REINF - Pessoa Física - Informações de processos relacionados a não retenção de tributos ou depósitos judiciais;Tributos - REINF* - Persona Física - Informaciones de procesos relacionados a la no retención de tributos o depósitos judiciales
E690PPJ;Tributos - REINF - Pessoa Jurídica - Informações complementares relativas a rendimentos decorrentes de decisão judicial;Tributos - REINF* - Persona Jurídica - Informaciones complementares relativas a rendimientos decurrentes de decisión judicial
E690PPR;Tributos - REINF - Informações de Processos;Impuestos - REINF* - Informaciones de Procesos
E690RDE;Tributos - REINF - Pessoa Fisica - Reembolso do dependente do plano de saúde coletivo empresarial;Tributos - REINF* - Persona Física - Reembolso del dependiente del plan de salud colectivo empresarial
E690RED;Tributos - REINF - Entidade promotora do espetáculo desportivo;Tributos - REINF* - Entidad promotora del espectáculo deportivo
E690REP;Tributos - REINF - Receitas Repassadas para Associação Desportiva - Processos;Tributos - REINF*- Ingresos Repasados para Asociación Deportiva - Procesos
E690RIG;Tributos - REINF - Receita de Venda de Ingressos;Tributos - REINF* - Ingreso de Venta de Ingresos
E690RIN;Tributos - REINF - Pessoa Física - Rendimentos isentos e não tributáveis;Tributos - REINF* - Persona Física - Rendimientos exentos y no tributables
E690RNP;Tributos - REINF - Retenção do Recebimento - Processos;Impuestos - REINF - Retención de Recibo - Trámites
E690RNR;Tributos - REINF - Retenção no Recebimento;Impuestos - REINF - Retención al Recibo
E690RPF;Tributos - REINF - Retenções na Fonte - Pessoa Física;Tributos - REINF* - Retenciones en la Fuente - Persona Física
E690RPJ;Tributos - REINF - Retenções na Fonte - Pessoa Jurídica;Tributos - REINF* - Retenciones en la Fuente - Persona Jurídica
E690RRA;Tributos - REINF - Pessoa Física - Informações complementares relativas a rendimentos redimentos recebidos acumuladamente - RRA;Tributos - REINF* - Persona Física - Informaciones complementares relativas a rendimientos  acumuladamente - RRA*
E690RRP;Tributos - REINF - Receitas Recebidas por Associação Desportiva - Processos;Tributos - REINF* - Ingresos Recibidos por Asociación Deportiva - Procesos
E700CBN;Ficha - Modelo - Combinações de Componentes;Ficha - Modelo - Combinaciones de Componentes
E700CMM;Ficha - Modelo - Componentes;Ficha - Modelo - Componentes
E700COC;Ficha - Modelo - Coordenadas do Componente;Ficha - Modelo - Coordenadas del Componente
E700CTM;Ficha - Modelo - Consumo Componente por Derivação;Ficha - Modelo - Consumo Componente por Derivación
E700DMO;Ficha - Modelo - Derivações Possíveis;Formulario - Modelo - Derivaciones posibles 
E700IBN;Ficha - Modelo - Itens Combinações de Componentes;Ficha - Modelo - Ítems Combinaciones de Componentes
E700ITR;Ficha - Modelo - Tabela de relacionamento entre derivações - Itens;Ficha - Modelo - Tabla de relación entre derivaciones - Ítems
E700LMP;Ficha - Modelo - Liga Modelo X Produto;Formulario - Modelo - Relaciona Modelo X Producto  
E700MOD;Ficha - Modelo - Dados Gerais;Ficha - Modelo - Datos Generales
E700NSR;Ficha - Modelo - Narrativa por Seq. Componente;Ficha - Modelo - Narrativa por Sec. Componente
E700PCE;Ficha - Modelo - Componentes Exclusivos para Fabricar Pedido/Item;Ficha - Modelo - Componentes Exclusivos para Fabricar Pedido/Ítem
E700TAR;Ficha - Modelo - Tabela de relacionamento entre derivações;Ficha - Modelo - Tabla de relación entre derivaciones
E700VCC;Ficha - Modelo - Versões Consumos;Formulario - Modelo - Versiones Consumos 
E700VCM;Ficha - Modelo - Versões Componentes;Ficha - Modelo - Versiones Componentes
E700VMO;Ficha - Modelo - Versões Modelo;Ficha - Modelo - Versiones Modelo
E705SVA;Ficha - Modelo - Variações Consumo - Seqüências;Ficha - Modelo - Variaciones Consumo - Secuencias
E705VAC;Ficha - Modelo - Variações Consumo de Componentes por Derivação;Ficha - Modelo - Variaciones Consumo de Componentes por Derivación
E710APL;Ficha - Roteiro - Aplicações de Componentes na Seqüência Operacional;Ficha - Itinerario - Aplicaciones de Componentes en la Secuencia Operacional
E710CTP;Ficha - Roteiro - Cálculo de Tempo da Seqüência Operacional;Ficha - Itinerario - Cálculo de Tiempo de la Secuencia Operacional
E710ETR;Ficha - Roteiro - Estágios;Formulario - Itinerario - Etapas 
E710IMG;Ficha - Roteiro - Imagem para Seqüência Operacional;Ficha - Itinerario - Imagen para Secuencia Operacional
E710LRP;Ficha - Roteiro - Liga Roteiro X Produto;Ficha - Itinerario - Relaciona Itinerario X Producto  
E710NSR;Ficha - Roteiro - Narrativa da Seqüência Operacional;Ficha - Itinerario - Narrativa de la Secuencia Operacional
E710PCR;Ficha - Roteiro - Seqüência Operações Exclusivas para fabricar Pedido/Item;Ficha - Itinerario - Secuencia Operaciones Exclusivas para fabricar Pedido/Ítem
E710ROT;Ficha - Roteiro - Dados Gerais;Ficha - Itinerario - Datos Generales
E710SQA;Ficha - Roteiro - Acessório para Seqüência Operacional;Ficha - Itinerario - Accesorio para Secuencia Operacional
E710SQR;Ficha - Roteiro - Seqüência Operacional;Ficha - Itinerario - Secuencia Operacional
E710SRF;Ficha - Ligação Seq. Roteiro com Ferramentas;Ficha - Conexión Sec. Itinerario con Herramientas
E710VCR;Ficha - Roteiro - Versões Seqüências Operações;Ficha - Itinerario - Versiones Secuencias Operacionales
E710VCT;Ficha - Roteiro - Versões Estágios;Ficha - Itinerario - Versiones Etapas
E710VRO;Ficha - Roteiro - Versões Roteiro;Ficha - Itinerario - Versiones Itinerario
E720FOT;Ficha - Roteiro - Fotos (Imagem) Detalhes Técnicos;Ficha - Itinerario - Fotos (Imagen) Detalles Técnicos
E720LOF;Ficha - Ligação Operações X Família Ferramentas;Ficha - Conexión Operaciones X Familia Herramientas
E720NOF;Ficha - Roteiro - Narrativas p/ Operações (Instruções);Ficha - Itinerario - Narrativas para Operaciones ( Instrucciones)
E720OAC;Ficha - Roteiro - Cadastro de Acessórios da Operação;Ficha - Itinerario - Maestro de Accesorios de la Operación
E720OPR;Ficha - Roteiro - Cadastro de Operações de Fabricação;Ficha - Itinerario - Maestro de Operaciones de Fabricación
E720SNO;Ficha - Roteiro - Seqüência de Narrativas p/ Operações (Instruções);Ficha - Itinerario - Secuencia de Narrativas para Operaciones (Instrucciones)
E720VCO;Ficha - Roteiro - Versões Operações Fabricação;Ficha - Itinerario - Versiones Operaciones Fabricación
E725CRE;Ficha - Roteiro - Cadastro Centro de Recursos;Ficha - Itinerario - Maestro Centro de Recursos
E725CRS;Ficha - Roteiro - Cadastro Centro de Recursos Substitutos;Ficha - Itinerario - Maestro Centro de Recursos Sustitutos
E727ACS;Ficha - Roteiro - Cadastro de Acessórios p/ Operação;Ficha - Itinerario - Maestro de Accesorios para Operación
E802CIN;PCP - Calendário Industrial;Planeamiento y Control de la Producción - Calendario Industrial
E803HTR;PCP - Horários do Turno de Trabalho;P.C.P. - Horarios del Turno de Trabajo
E803TRB;PCP - Dados do Turno de Trabalho;P.C.P. - Datos del Turno de Trabajo
E810DRP;PCP - Dados do C. de Recursos p/ Cálculo Carga;P.C.P. - Datos del C. de Recursos para Cálculo Carga
E811PTU;PCP - Carga - Produto Tempo Utilizado p/ Recurso;P.C.P. - Carga - Producto Tiempo Utilizado para Recurso
E812RSU;PCP - Carga - Recursos Utilizados Como Substitutos;P.C.P. - Carga - Recursos Utilizados Como Sustitutos
E812RUP;PCP - Carga - Recursos Utilizados no Período;P.C.P. - Carga - Recursos Utilizados en el Periodo
E814DLS;PCP - Quantidades Entrada, Vencimento, Lote, Série;P.C.P. - Cantidades Entradas, Vencimiento, Lotes, Series
E814NBC;PCP - Necessidades Compras p/ Produção;P.C.P. - Necesidades Compras para Producción
E815DLS;PCP - Quantidades Entrada, Vencimento, Lote, Série;P.C.P. - Cantidades Entradas, Vencimiento, Lotes, Series
E815NBP;PCP - Necessidades Produtos;P.C.P. - Necesidades Productos
E825LCP;PCP - Layout Células de Produção;PCP - Layout Células de Producción 
E900APT;Apontamentos originados da plataforma Senior X;Apuntamientos originados de la plataforma Senior X
E900CCB;O.P./O.S. - Contagem das quantidades da O.P./O.S. via código de barras;Orden de Producción - Recuento de las cantidades de la Orden de Producción vía código de barras
E900CMI;O.P./O.S. - Componentes Utilizados Individualmente (Rastreabilidade Lote/Série);O.P./O.S. - Componentes Utilizados Individualmente (Rastreo Lote/Serie)
E900CMO;O.P./O.S. - Componentes Utilizados;O.P. - Componentes Utilizados
E900CMR;O.P./O.S. - Agrupamento Componentes Utilizados Individualmente (Rastreabilidade Lote/Série);O.P./O.S. - Agrupamiento Componentes Utilizados Individualmente (Rastreo Lote/Serie)
E900COP;OP/OS - Cabeçalho (Dados Gerais);OP/OS - Encabezado (Datos Generales)
E900CPB;O.P./O.S. - Componentes Pendentes p/ Baixar (O.Ps./O.Ss./Produtos Precisam Ser Explodidos);O.P. - Componentes Pendientes para Bajar (O.P. sin Productos Necesitan ser Explorados)
E900CPR;O.P./O.S. - Controle processos de remessa para terceiros via WS;OP/OS - Controlar procesos de envío a terceros vía WS
E900DLS;O.P./O.S. - Quantidades Entrada, Vencimento, Lote, Série;O.P. - Cantidades Entrada, Vencimiento, Lote, Serie
E900DOP;O.P./O.S. - Defeitos de fabricação p/ Estágios;O.P./O.S. - Defectos de fabricación p/ Etapas 
E900ECO;O.P./O.S. - Apontamento Especificações Conformidade p/ Produto;O.P. - Apuntamiento Especificaciones Conformidad para Producto
E900EOF;O.P./O.S. - Movimentação Ferramentas/Equipamentos utilizados no apontamento;O.P./O.S. - Movimiento Herramientas/Equipos utilizados en el apunte
E900EOO;O.P./O.S. - Movimentação OP/OS para o Painel OEE;O.P./O.S. - Movimiento OP/OS para el Panel OEE
E900EOP;OP/OS - Estágios de produção;OP/OS - Pasantías de producción
E900EOQ;O.P./O.S. - Movimentação OP/OS;O.P./O.S. - Movimientos OP/OS
E900ETQ;Etiquetas originadas da plataforma Senior X;Etiquetas originadas de la plataforma Senior X
E900GOP;O.P./O.S. - Guias O.P. p/ Derivação;O.P./O.S. - Guías O.P. p/ Derivación 
E900HOO;O.P./O.S. - Horários Ocupados por O.Ps./O.Ss.;O.P. - Horarios Ocupados por O.Ps.
E900ICP;OP - Incorporação Produtos;OP - Incorporación de Productos
E900IPR;O.P./O.S. - Itens do processo de remessa para terceiros;OP/OS - Elementos del proceso de envío para terceros
E900IRS;O.P./O.S. - Informações para Remessa/Retorno de Serviço de Terceiros;O.P. - Informaciones para Remesa/Regreso de Servicios de Terceros
E900LRR;Leitura de OP's para Remessa e Retorno de Serviço de Terceiros;Lectura de OP's para Remesa y Retorno de Servicio de Terceros
E900MEO;OP/OS - Movimento de Estoque;OP/OS - Movimiento de Depósito
E900NSR;O.P./O.S. - Narrativa da Seqüência Operacional;O.P. - Narrativa de la Secuencia Operacional
E900OBS;O.P./O.S. - Observações Adicionais da O.P.;O.P./O.S. - Observaciones Agregadas de la O.P. 
E900OOF;O.P./O.S. - Ferramentas/Equipamentos previstos para utilização na operação;O.P./O.S. - Herramientas/Equipos previstos para utilización en la operación
E900OOP;OP/OS - Sequência Operacional;OP/OS - Secuencia Operacional
E900OPR;O.P./O.S. - Ordens de Produção do processo de remessa para terceiros;OP/OS - Órdenes de Producción para el proceso de envío a terceros
E900ORC;O.P./O.S. - Ocupação dos Recursos no Calendário Industrial;O.P. - Ocupación de los Recursos en el Calendario Industrial
E900POP;O.P./O.S. - Pedidos da O.P./O.S.;O.P. - Pedidos de la O.P.
E900QDO;O.P./O.S. - Quantidades para Produto/Serviço e Derivação;O.P./O.S. - Cantidades para Producto/Servicio y Derivación 
E900RCP;O.P./O.S. - Remessa de componentes da OP;OP/OS - Envío de componentes OP
E900RIN;OP/OS - Remessa/Retorno Serviços Terceiros - Ligação Item Nota Fiscal Venda;OP/OS - Remesa/Retorno Servicios Terceros - Enlace Elemento Factura Venta
E900ROP;O.P./O.S. - Agrupamentos de O.Ps./O.Ss. p/ Derivação (Reprocesso/Sumarização);O.P. - Agrupamiento de O.P.s para Derivación (Reproceso/ Sumario)
E900SET;O.P./O.S. - Controle de Remessa/Retorno Serviços Terceiros;O.P. - Control de Remesa / Regreso Servicio a Terceros
E900SOP;O.P./O.S. - Serviços Executados por Terceiros;O.P. - Servicios Ejecutados por Terceros
E900SPR;OP/OS - Subproduto;OP/OS - Subproducto
E906GRP;Produção - Grupos de Operadores;Producción - Grupos de Operadores
E906OPE;Produção - Operadores;Producción - Operadores
E916PAR;Tabelas - Parâmetros por Form;Tablas - Parámetros por Form
E930MPO;Parada de Recurso para o Painel OEE;Parada de Recurso para el Panel OEE
E930MPR;Parada de Recurso;Parada de Recurso
E930OBP;Parada de Equipamento - Observações;Parada de Equipamiento - Observaciones
E930PRE;Parada de Equipamento - Dados Gerais;Parada de Equipamiento - Datos Generales
E930PRO;Parada de Equipamento - Dados Gerais para o Painel OEE;Parada de Equipo - Datos Generales para el Panel OEE
E996PIP;Pendências de integração via processo automático;Pendencias de integración vía proceso automático
E996RPP;Retorno das pendências de integração via processo automático;Retorno de las pendencias de integración vía proceso automático
E997EXT;Integrações - Ligação de Usuário G5 com Usuário G7;Integraciones - Relación de Usuario G5 con Usuario G7
E997PXT;Tabelas - Parâmetros do ERP XT;Tablas - Parámetros del ERP XT
E997TAP;Integrações - Tokens por aplicação para integração SeniorX;Integraciones - Tokens por aplicación para integración SeniorX
E998CLI;Integrações - WMS - Clientes;Integraciones - WMS - Clientes
E998CTA;Integrações - Cotei - Pendência de envio de Compradores;Integraciones - Cotei - Pendiente de envío del Comprador
E998CTC;Integrações - Cotei - Pendência de Envio das Condições de Pagamento;Integraciones - Cotei - Pendencia de Envío de las Condiciones de Pago
E998CTE;Integrações - Cotei - Fila de Cotações Pendentes para Envio;Integraciones - Cotei - Fila de Cotizaciones Pendientes para Envío
E998CTF;Integrações - Cotei - Cotações Finalizadas;Integraciones - Cotei - Cotizaciones Finalizadas
E998CTO;Integrações - Cotei - Fornecedores Pendentes da Fila de Cotações;Integraciones - Cotei - Proveedores Pendientes de la Fila de Cotizaciones
E998CTR;Integrações - Cotei - Fila de Cotações Pendentes de Retorno;Integraciones - Cotei - Fila de Cotizaciones Pendientes de Retorno
E998EME;Integrações - WMS - Ordem de Recebimento - Movimento Estoque Manuais;Integraciones - WMS - Orden de Recibo - Manuales de Movimiento de Inventario
E998FOR;Integrações - WMS - Fornecedores;Integraciones - WMS - Proveedores
E998GDE;X Platfom - GED - Declaração para GED;Plataforma X - GED - Declaración para GED
E998GED;X Platfom - GED - Arquivo para GED;Plataforma X - GED - Archivo para GED
E998IME;Tabelas - Integrações - Integração Mercado Eletrônico;Tablas - Integraciones - Integración del Mercado Electrónico
E998IOR;Integrações - WMS - Ordem de Recebimento - Itens de Produto;Integraciones - WMS - Orden de recibo - Artículos de producto
E998IOS;Integrações - WMS - Ordem de Separação - Itens de Produto;Integraciones - WMS - Orden de preparación - Artículos de producto
E998IRW;Integrações -  Ordem de Recebimento - Itens de Produto conferidos no wms;Integraciones -  Orden de Recibimiento - Ítems de Producto conferidos en el wms
E998LOS;Integrações - WMS - Ordem de Separação - Lotes dos Itens de Produto;Integraciones - WMS - Orden de selección - Lotes de artículos de producto
E998LSC;Integrações - WMS - Lotes e séries conferidos;Integraciones - WMS - Lotes y series comprobadas
E998LSR;Integrações - WMS - Lotes e séries originais da Ordem de Recebimento;Integraciones - WMS - Lotes y series de pedidos de recepción originales
E998MEW;Integrações - WMS - Ordem de Separação - Movimento Estoque originados no wms;Integraciones - WMS - Orden de Picking - Movimiento de Stock con origen en wms
E998NFC;Integrações - WMS - Ordem de Recebimento - Nota Fiscal de Entrada;Integraciones - WMS - Orden de recepción - Factura entrante
E998NFV;Integrações - WMS - Nota Fiscal de Saída X Ordem Separação;Integraciones - WMS - Factura saliente X Orden de separación
E998ORC;Integrações - WMS - Ordem de Recebimdnto - Dados Gerais;Integraciones - WMS - Orden de Recibo - Datos Generales
E998ORM;Integrações - WMS - Ordem de Produção ERP(Apontamento de produção) X Ordem de Recebimento;Integraciones - WMS - Orden de Producción ERP (Nota de Producción)
E998ORP;Integrações - WMS - Ordem de Recebimento - Payloads;Integraciones - WMS - Orden de recibo - Cargas útiles
E998ORW;Integrações - WMS - Ordem de Recebimdnto no Wms;Integraciones - WMS - Orden de Recibo en Wms
E998OSC;Integrações - WMS - Ordem de Separação - Dados Gerais;Integraciones - WMS - Orden de Separación - Datos Generales
E998OSE;Integrações - WMS - Ordem de Separação - Ordens de origem externa;Integraciones - WMS - Picking Order - Pedidos de origen externo
E998OSM;Integrações - WMS - Ordem de Produção ERP X Ordem Separação;Integraciones - WMS - Orden de producción ERP
E998OSP;Integrações - WMS - Ordem de Separação - Payloads;Integraciones - WMS - Recogida de pedidos - Cargas útiles
E998OSR;Integrações - WMS - Requisição de Estoque ERP x Ordem de Separação;Integraciones - WMS - ERP Solicitud de stock x Orden de recogida
E998PED;Integrações - WMS SILT - Pedido de Venda X Ordem Separação;Integraciones - WMS SILT - Pedido de Venta X Orden Separación
E998PFE;Integrações - WMS - Pré-fatura X Ordem Separação;Integraciones - WMS - Prefactura X Separación de Pedidos
E998PIS;Integrações - WMS - Ordem de Separação - Itens de Produto - Personalização;Integraciones - WMS - Orden de preparación - Artículos de producto - Personalización
E998POS;Integrações - WMS - Ordem de Separação - Dados Gerais - Personalização;Integraciones - WMS - Orden de Picking - Datos Generales - Personalización
E998PRO;Integrações - WMS - Produtos;Integraciones - WMS - Productos
E998SMA;Integrações - WMS - Ordem de Separação/Recebimento - Movimentos/Transferências de Estoque Agrupados;Integraciones - WMS - Recogida/Recepción de Orden - Movimientos/Transferencias de Stock Agrupados
E998SME;Integrações - WMS - Ordem de Separação - Movimento Estoque Manuais;Integraciones - WMS - Orden de Picking - Manuales de Movimiento de Inventario
E998SOS;Integrações - WMS - Ordem de Separação - Séries dos Itens de Produto;Integraciones - WMS - Orden de preparación - Serie de artículos del producto
E998SXT;Integrações - WMS - Lotes de Integração;Integraciones - WMS - Lotes de integración
E998TRA;Integrações - WMS - Transportadoras;Integraciones - WMS - Operadores
E999EOT;Evento de origem das tarefas de usuários para envio ao Workflow 2.0;Evento de origen de las tareas de usuarios para envío al Workflow 2.0
E999FER;Fila de eventos ocorridos em rotinas para processamento e envio ao Workflow 2.0;Fila de eventos ocurridos en rutinas para procesamiento y envío al Workflow 2.0
E999HCP;Histórico dos envios/retornos das tarefas Workflow 2.0;Historial de envío/devolución de tareas de Workflow 2.0
E999HEO;Histórico do evento de origem das tarefas de usuários enviadas ao Workflow 2.0;Histórico del evento de origen de las tareas de usuarios enviadas al Workflow 2.0
E999IPF;Imagens para Homepage-XT de Filial;Imágenes para Branch Homepage-XT
E999MSH;Mensagens de Sistema Homepage-XT;Mensajes del sistema Homepage-XT
E999PPW;Processos personalizados para integração com o Workflow 2.0;Procesos personalizados para integración con el Workflow 2.0
E999ROW;Registros de ocorrências dos processos de envio ao Workflow 2.0;Registros de ocurrencias de los procesos de envío al Workflow 2.0
E999TES;Tarefas de usuários para envio ao Workflow 2.0;Tareas de usuarios para envío al Workflow 2.0
FIN_INTEGRACAO_PENDENC;Tabela primitivas oriundas da G7 que não foram importadas com êxito;Tabla primitivas oriundas de la G7 que no fueron importadas con éxito
MGOE_APONTAMENTO_PARADA;Tabela de Consolidação dos Apontamentos de Paradas OEE;Tabla de Consolidación de Apuntamientos de Paradas OEE
MGOE_CALEND_FABRIL;Tabela de Calendário Fabril OEE;Tabla de Calendario Fabril OEE
MGOE_CENTRO_RECURSO;Tabela de Centro de Recursos OEE;Tabla de Centro de Recurso OEE
MGOE_CENTRO_RECURSO_HIST;Tabela de Histórico de Centro de Recurso OEE;Tabla de Historial de Centro de Recurso OEE
MGOE_DISPOSITIVO;Tabela de Dispositivos de Visualização OEE;Tabla de Dispositivos de Visualización OEE
MGOE_DISP_CENTRO_RECURSO;Tabela de Centro de Recurso por Dispositivos de Visualização OEE;Tabla de Centro de Recurso por Dispositivos de Visualización OEE
MGOE_INDICADOR;Tabela de Cálculo de Indicadores OEE;Tabla de Cálculo de Indicadores OEE
MGOE_MOVIMENTO_OP;Tabela de Consolidação dos Apontamentos de Produção OEE;Tabla de Consolidación de Apuntamientos de Producción OEE
MGOE_NOTIFICACAO;Tabela de Notificações de Apontamentos de Produção OEE;Tabla de Notificaciones de Apuntamiento de Producción OEE
MGOE_PARAMETRO_INDICE;Tabela de Parâmetros de Indicadores OEE;Tabla de Parámetros de Indicadores OEE
MGOE_PENDENCIA_CALCULO;Tabela de Datas Pendentes de Cálculo de Indicadores OEE;Tabla de Fechas de Calculo de indicadores OEE
MGOE_RECURSO_HIST;Tabela de Histórico de Recursos OEE;Tabla de Historial de Recurso OEE
R900ACP;Usuários Informações complementares;Usuarios Informaciones complementares
R900ALK;Modo de acesso dos aplicativos (tipo de login utilizado);Modo de acceso de los aplicativos (tipo de login utilizado)
R900APD;Cadastro Usuários People Data;Registro Usuarios People Fecha 
R900CMC;Registro de comandos SQL em ambientes Cloud;Registro de comandos SQL en ambientes Cloud
R900CPG;Grupos - Informações complementares;Grupos - Informaciones complementares
R900CPL;Usuários - Informações complementares;Usuarios - Informaciones complementares
R900DBA;Eventos a serem monitorados pelo CBDS;Eventos que serán monitoreados por el CBDS
R900DBR;Direitos do CBDS;Derechos del CBDS
R900DFA;Padrão de permissão de acesso para novos menus;Estándar de permisión de acceso para nuevos menús
R900DSB;Usuários - Designations of Substitutes;Usuarios - Designations of Substitutes
R900DUS;Dados de uso do sistema (deprecada);Datos de uso del sistema (deprecada)
R900FAC;Usuários - Forms Access;Usuarios - Forms Access
R900GDC;Cubo de Decisão - Controle de Usuários;Cubo de Decisión - Control de Usuarios
R900GEX;Exportador - Controle de Usuários;Exportador - Control de Usuarios
R900GIM;Importador - Controle de Usuários;Importar - Control de Usuarios
R900GLP;Informação sobre geração de log de alterações de permissões;Información sobre generación de log de alteraciones de permisos
R900GPR;Genérica - Global Parameters;Genérica - Global Parameters
R900GQU;Gerador de Consultas - Controle de Usuários;Generador de Consultas - Control de Usuarios
R900GRP;Usuários - Group Members;Usuarios - Group Members
R900GRT;Gerador de Relatórios - Controle de Usuários;Generador de Informes - Control de Usuarios
R900IG6;Tabelas para integração com G6;Tablas para integración con G6
R900IMB;Define as tabelas que serão monitoradas pelas aplicativos do Mobilidade;Define las tablas que serán monitoreadas por los aplicativos de movilidad 
R900IMC;Descreve as alterações realizadas nos registros das tabelas monitoradas.;Describe las alteraciones realizadas en los registros de las tablas monitoreadas.
R900LCN;Log - Controlador de Registros em R900LOG;Log - Controlador de Registros en Log R900LOG
R900LDC;Configuração de LDAP;Configuración de LDAP
R900LOG;Log - Eventos Registrados;Log - Eventos Registrados
R900LSO;SGU - Logon com usuário do SO;SGU - Logon con usuarios del SO
R900LSV;Log - Valores de direito de acesso do Visualizador de Eventos;Log - Valores de derecho de acceso del Visualizador de Eventos
R900NDS;Dados de uso do sistema (sequência);Datos de uso del sistema (secuencia)
R900NTF;Notificações;Notificaciones
R900NXV;Controle da rotina que retorna próximo valor de campo chave;Control de la rutina que regresa próximo valor de campo clave
R900PAC;G6 - Permissões de Perspectivas;G6 - Permisos de Perspectivas
R900PCT;Permissões de Configuração de Tela;Permisos de Configuración de Pantalla
R900PDT;Usuários - People Data;Usuarios - People Data
R900PEN;Perspectivas de Negócio - Controle de Usuários;Perspectivas de negocio - Control de Usuarios
R900POL;Usuários - Policies;Usuarios - Policies
R900PPL;Usuários - People;Usuarios - People
R900RPP;Regras por evento;Reglas por evento
R900RUL;Regras - controle de usuários;Reglas - Control de usuarios
R900TAC;G6 - Permissões de tags de perspectivas;G6 - Permisos de tags de perspectivas
R900TSV;Valores de direito de Acesso a tabelas e campos;Valores de derecho de Acceso a Tablas y Campos
R900UAD;Usuários - User Audit Definitions;Usuarios - User Audit Definitions
R900UPR;Genérica - User Parameters;Genérica - User Parameters
R900URG;Usuários - User Rights;Usuarios - User Rights
R900WPR;Usuários - Week Periods;Usuarios - Week Periods
R900WSC;Configurações de Webservice;Configuraciones de Webservice
R900WSL;Lista de Webservices;Lista de Webservices
R901CFG;LGPD - Configurações Gerais;LGPD* - Configuraciones Generales
R901ENV;LGPD - Campos de Informações de Envolvidos no Dossiê;LGPD* - Campos de Informaciones de Envueltos en el Dosier
R901INF;LGPD - Informações do Dossiê;LGPD* - Informaciones del Dosier
R901LOG;LGPD - Log de exclusão/anonimização;LGPD* - Log de exclusión/anonimización
R901OPE;LGPD - Informações do Usuário Operador da LGPD;LGPD* - Informaciones del Usuario Operador de la LGPD*
R901UVG;Usuários - User View Groups;Usuarios - User View Groups
R901UVP;Usuários - User Views for People;Usuarios - User Views for People
R902CMD;Comandos customizados para extração de dados do sistema;Comandos customizados para extracción de datos del sistema
R902EAT;Atributos de ambiente;Atributos de ambiente
R902EUS;Estatísticas de uso do sistema;Estadísticas de uso del sistema
R902VCS;Validação de conexão com os servidores da Senior;Validación de conexión con los servidores de la Senior
R903AGR;Grupos de acesso dos usuários;Grupos de acceso de usuarios
R904LMC;Restrições aplicadadas no sistema;Restricciones aplicadas en el sistema
R904LMP;Mapeamento de restrições de sistema;Mapeo de restricciones del sistema
R904LUC;Restrições de sistema;Restricciones del sistema
R904URS;Uso de sistema;Uso del sistema
R904VCS;Validação de conexão com os servidores da Senior;Validación de conexión con los servidores de Senior
R910AUS;Cadastro Usuários;Registro Usuarios
R910CMP;Tabelas (só para consultas);Tablas (sólo para consultas)
R910COB;Objetos com configuração (só para consultas);Objetos con configuración (sólo para consultas)
R910DAM;Descrição de permissões de aplicação e módulos;Descripción de permisos de aplicaciones y módulos
R910DCB;Descrição Permissões CBDS;Descripción Permisos CBDS
R910ENT;Entidades de segurança (só para consultas);Entidades de seguridad (sólo para consultas)
R910GRP;Grupos (só para consultas);Grupos (sólo para consultas)
R910MDG;Modelos (só para consultas);Modelos (sólo para consultas)
R910MGP;Membros dos grupos (só para consultas);Miembros de los grupos (sólo para consultas)
R910MNU;Menus (só para consultas);Menús (sólo para consultas)
R910PAM;Permissões de aplicação/módulos;Permisos de Configuración de Pantalla
R910PAR;Permissões de aplicação/rotinas (só para consultas);Permisos de aplicación/rutinas (sólo para consultas)
R910PBL;Políticas de bloqueio de usuários (só para consultas);Políticas de bloqueo de usuarios (sólo para consultas)
R910PCB;Permissões do CBDS;Permisos del CBDS
R910PCN;Permissões concedidas (só para consultas);Permisos concedidos (sólo para consultas)
R910PCO;Permissão de configuração (só para consultas);Permiso de Configuración (sólo para consultas)
R910PDS;Políticas de duração de senhas (só para consultas);Políticas de duración de señas (sólo para consultas)
R910PER;Permissões de usuários (só para consultas);Permisos de usuarios (sólo para consultas)
R910PMC;Permissões de tabelas (só para consultas);Permisos de tablas (sólo para consultas)
R910PMD;Permissões de Modelos (só para consultas);Permisos de Modelos (sólo para consultas)
R910PMN;Permissões de menus (só para consultas);Permisos de menús (sólo para consultas)
R910PMO;Permissões de módulos (só para consultas);Permisos de módulos (sólo para consultas)
R910PMT;Permissões de tabelas (só para consultas);Permisos de tablas (sólo para consultas)
R910PSA;Políticas de senhas antigas (só para consultas);Políticas de contraseña antiguas (sólo para consultas)
R910TBL;Tabelas (só para consultas);Tablas (sólo para consultas)
R910USU;Usuários (só para consultas);Usuarios (sólo para consultas)
R911MOD;Controle de usuário;Control de usuario
R911SEC;Controle de conexões;Control de conexiones
R911SRV;Controle de conexões;Control de conexiones
R920FDT;Formulários X-Window (dados).;Formularios X Window (datos)
R920FRD;Formulários X-Window compilados.;Formularios X Window compilados
R920IDT;Interfaces (dados).;Interfaces (datos)
R920ITF;Interfaces (cabeçalho).;Interfaces (títulos)
R920MNU;Interfaces X-Window (menus);Interfaces X-Window (menús)
R920SYD;Sistemas x Formulários (dados);Sistemas x Formularios (datos)
R920SYS;Sistemas x Formulários;Sistemas x Formularios
R920WDT;Formulários Web (Dados).;Formularios Web (Datos)
R920WFD;Formulários Web compilados.;Formularios Web compilados
R920WFR;Formulários Web (cabeçalho).;Formularios Web (títulos)
R920WMN;Interfaces Web (menus);Interfaces Web (menús)
R920XWF;Formulários X-Window (cabeçalho).;Formularios X-Windows (título)
R930VCV;Variável de Controle de Versão de Recurso;Variable de Control de Versión de Recurso
R930VRE;Versões dos Recursos;Versiones de los Recursos
R940CHN;Registro de alterações de configurações;Registro de alteraciones de configuraciones
R940DIC;Configurações Internacionais de campo por tabela;Configuraciones Internacionales de campo por tabla
R940END;Dicionário de tradução de enumerações;Diccionario de traducción de enumeraciones
R940FIC;Configurações internacionais de campos;Configuraciones internacionales de campos
R940FLD;Dicionário de tradução de campos de Tabelas/Views;Diccionario de traducción de campos de Tablas/Views
R940FRD;Dicionário de tradução de forms e controles;Diccionario de traducción de forms y controles
R940GID;Dicionário de tradução de formulários SGI;Diccionario de traducción de formularios SGI
R940LNG;Cadastro de Idiomas;Maestro de Idiomas
R940PAI;Cadastro de Paises;Maestro de Países
R940RCF;Cadastro de Configurações Regionais;Maestro de Configuraciones Regionales
R940RCM;Cadastro de Máscaras para configurações Regionais;Maestro de Máscaras para configuraciones Regionales
R940TIC;Configurações internacionais de guias;Configuraciones internacionales de guías
R940TTF;Campos que permitem tradução;Campos que permiten traducción
R940TVD;Dicionário de tradução de Tabelas/Views;Diccionario de traducción de Tablas/Views
R940ULN;Relação Usuário/Idioma;Relación Usuario/Idioma
R940UPA;Relação Usuário/País;Relación Usuario/País
R940URC;Relação Usuário/Configuração Regional;Relación Usuario/Configuración Regional
R950CTD;Mobile - Configuração detalhes;Mobile - Configuración detalles
R950CTM;Mobile - Configuração dos tokens;Mobile - Configuración de los tokens
R950NET;Configurações de internet;Configuraciones de internet
R958WSF;WebService Comunicados - Controle de Falha de Carga de Mensagens - Estação;Comunicados WebService - Control de Fallos de Carga de Mensajes - Estación
R958WSM;WebService Comunicados - Controle Mensagens Enviadas;WebService Comunicados - Control Mensajes Enviadas
R958WSU;WebService Comunicados - Controle Leitura - Usuários;WebService Comunicados - Control Lectura - Usuarios
R960COL;Colunas visíveis no console de administração;Columnas visibles en la consola de administración
R960CON;Configurações do Console de Administração;Configuraciones de la Consola de Administración
R960MCP;Permissões de multicamada;Permisiones de multicamada
R960PAR;Parâmetros de processamentos de multicamada;Parámetros de procesamientos de multicamada
R960PRI;Prioridades de execução de processamentos Multicamada;Prioridades de ejecución de procesamientos Multicamada
R960PRT;Portas dos serviços;Puertas de los servicios
R960PRV;Provedores de serviços;Proveedores de servicios
R960REQ;Requisições de serviços Multicamada;Requisiciones de servicios Multicamada
R960RUL;Regra da porta do serviço;Regla de la Puerta del servicio
R960SRV;Serviços;Servicios
R960WIN;Janela de execução de processamentos Multicamada;Ventana de ejecución de procesamientos Multicamada
R975ACC;Histórico de acesso a Forms/Cubo/Relatórios - Deprecada;Histórico de acceso a Forms/Cubo/Informes
R975CTR;Parâmetros de usuário;Parámetros de usuario
R975FAV;Favoritos do painel de navegação da área de trabalho;Favoritos del painel de navegación del área de trabajo
R975MAC;Histórico de Forms/Cubo/Relatórios mais acessados;Historial de Forms/Cubo/Informes más accedidos
R975PRP;Propriedades de itens referenciados nas tabelas R970MAC e R970SNS;Propiedades de elementos referenciados en las tablas R970ACC y R970SNS
R975RAC;Histórico de acesso recente a Forms/Cubo/Relatórios;Historial de acceso reciente el Forms/Cubo/Informes
R975SNS;Snapshots de items do painel "Início" da área de trabalho;Snapshots de elementos del painel Inicio del área de trabajo
R980CST;G6 - Estilos customizados;G6 - Estilos personalizados
R980PER;G6 - Catálogo de perspectivas existentes;G6 - Catálogo de perspectivas existentes
R980PPE;Preferências de usuário;Preferencias de usuario
R980REG;G6 - Regras;G6 - Reglas
R981TPX;G6 - Controle do sequencial para transações de negócios;G6 - Control del secuencial para transacciones de negocios
R981TRA;G6 - Controle de transações de negócios;G6 - Control de transacciones de negocios
R981TRD;G6 - Detalhes de transações de negócios;G6 - Detalles de transacciones de negocios
R995CPA;Categoria de auditoria de tela;Categoría de auditoria de pantalla
R995CTA;Categoria versus tipo;Categoría vs tipo
R995CTE;Log categoria versus tipo ativo;Log categoría vs tipo activo
R995LIM;Limpeza do log de eventos - Auditoria de telas;Limpieza del registro de eventos: auditoría de pantalla
R995MCA;Mensagem da categoria;Mensaje de la categoría
R995MTA;Mensagem por tipo de parametro da auditoria de tela;Mensaje por tipo de parámetro de la auditoria de pantalla
R995PCA;Parametros da categoria;Parámetros de la categoría
R995PRC;Parametros da categoria;Parámetros de la categoría
R995PRT;Parâmetros do tipo de auditoria;Parámetros del tipo de auditoria
R995PTA;Parâmetros da categoria do evento de auditoria - Auditoria de telas;Auditar parámetros de categoría de evento: auditoría de pantalla
R995RPA;Registro de auditoria;Registro de auditoria
R995TPA;Tipos de auditoria;Tipos de auditoria
R996CHC;Check Constraints;Check Constraints
R996FLD;Campos do usuário;Campos del usuario
R996FND;Campos do índice do usuário;Campos del índice del usuario
R996IND;Índices do usuário;Índices del usuario
R996LNF;Tabela dos campos que fazem parte de um link do usuário;Tabla de los campos que hacen parte de un link del usuario
R996LNK;Tabela de definição de Links do usuário;Tabla de definición de Links del usuario
R996LSF;Chaves das listas definidas pelo usuário;Llaves de las listas definidas por el usuario
R996LST;Listas definidas pelo usuário;Listas definidas por el usuario
R996REL;Relacionamentos do usuário;Relaciones del usuario
R996RFL;Campos do relacionamento;Campos de la relación
R996SPN;Stored Procedure do usuário;Stored Procedure del usuario
R996TBL;Tabelas do usuário;Tablas del usuario
R996TRG;Exportação do TBS para a base - Triggers;Exportación del TBS para la base - Triggers
R996USP;Parâmetros de stored procedure do usuário;Parámetros de stored procedure del usuario
R996VIW;Views do usuário;Views del usuario
R997BST;Storage dos campos BLOB (DB2);Storage de los campos BLOB (DB2)
R997CPS;Tabela de Configurações de Performance - Storages;Tabla de Configuraciones de Performance - Storages
R997OSL;Linguagens cadastradas para suporte de ordenação em Oracle;Lenguajes registradas para soporte de ordenación en Oracle
R997OST;Storage de tabelas Oracle;Storage de tablas Oracle
R998CTG;Configuração dos campos da Tela Gerada;Configuración de los Campos de la Pantalla Generada
R998FLD;Campos do usuário;Campos Usuarios
R998FND;Campos do índice do usuário;Campos del índice del usuario
R998IND;Índices do usuário;Índices del usuario
R998LNF;Tabela dos campos que fazem parte de um link do usuário;Tabla de los campos que hacen parte de un link del usuario
R998LNK;Tabela de definição de Links do usuário;Tabla de definición de Links del usuario
R998LSF;Chaves das listas definidas pelo usuário;Llaves de las listas definidas por el usuario
R998LST;Listas definidas pelo usuário;Listas definidas por el usuario
R998REL;Relacionamentos do usuário;Relación del usuario
R998RFL;Campos do relacionamento;Campos de relación
R998SCP;Script do usuário;Script del usuario
R998SPN;Stored Procedure do usuário;Stored Procedure del usuario
R998TBL;Tabelas do usuário;Tablas del usuario
R998UFM;Campos de usuário em MemoryTable;Campos de usuario en MemoryTable
R998USP;Parâmetros de stored procedure do usuário;Parámetros de stored procedure del usuario
R998VIW;Views do usuário;Views del usuario
R999AGE;Agendador - Programação de processos automáticos;Programación - Programación de procesos automáticos
R999ARG;Genérica - Application Rights;Genérica - Application Rights
R999ARP;Genérica - Application Rights Permissions;Genérica - Application Rights Permissions
R999ASD;Configuração assinatura digital;Configuración firma digital
R999BAR;Menus personalizados pelo usuário;Menús personalizados por el usuario
R999BOT;Menus personalizados pelo usuário;Menús personalizados por el usuario
R999CDD;Ocorrências dos Níveis do Especial;Eventos de los Niveles del Especial
R999CDM;Mestre Cadastro dos Níveis do Especial;Principal Maestro de los Niveles del Especial
R999CPM;Configurações Performance dos Modelos de Relatórios;Configuraciones Perfomance de los Modelos de Reportes
R999CUB;Modelos de Cubos;Modelos de Cubos
R999ENT;Valores de Entrada;Valores de Entrada
R999ESP;Descrição dos Especiais;Descripción de Los Especiales
R999FST;Configurações de performance das telas;Configuraciones de performance de las pantallas
R999GRF;Campos das grids personalizadas pelo usuário;Campos de las grids personalizadas por el usuario
R999GRI;Grids personalizadas pelo usuário;Grids personalizadas por el usuario
R999GUC;Grupos de modelos;Grupos modelos
R999GUI;Itens de grupos de modelos;Ítems de grupos de modelos
R999HOR;Tabela de trabalho do recurso de Fuso horário e horário de verão;Tabla de trabajo del recurso del Huso horario y horario de verano
R999INS;Uso genérico;Uso genérico
R999LIS;Gravação das configurações da tela de listagem dos modelos;Grabación de las configuraciones de la tabla en el listado de los modelos
R999MAD;Menus personalizados - Add Ons;Menús personalizados - Add Nos
R999MDS;Últimos modelos acessados;Últimos modelos accedidos
R999MEN;Menus personalizados pelo usuário;Menús personalizados por el usuario
R999MOD;Genérica - System Modules;Genérica - System Modules
R999MPR;Genérica - System Module Permissions;Genérica - System Module
R999OUT;Parametrização de saída dos modelos por usuário;Parametrización de salida de los modelos por usuario
R999PCL;Layout corrente das Perspectivas de Negócio;Layout corriente de las Perspectivas de negocio
R999PEN;Perspectivas de Negócio;Perspectivas de negocio
R999PNL;Layouts das Perspectivas de Negócio;Layouts de las Perspectivas de negocio
R999POS;Usuários - Posições das forms;Usuarios - Posiciones de las forms
R999PSF;Configuração da Tela de Pesquisa de Registros - Campos;Configuración de la Pantalla de Pesquisa de Registros - Campos
R999PSQ;Configuração da Tela de Pesquisa de Registros;Configuración de la Pantalla de Pesquisa de Registros
R999RUL;Cadastro de regra de ordenação de sql server (Collation) não homologada;Registro de regla de ordenación de sql server (Collation) no homologada
R999USU;Usuários - Tabela Antiga;Usuarios - Tabla Antigua
R999VER;Registro da Versão;Registros de la Versión
R999VIS;Visões do Cubo;Visiones del Cubo
R999VRD;Versão do recursos de Banco de Dados;Versión de los recursos de Banco de Datos
RGRC_CART_CONSOLIDACAO;Consolidação com resultados dos indicadores do painel de mercado;Consolidación con resultados de los indicadores del panel de mercado
RGRC_PARAM_CONSOLIDACAO;Consolidação dos parâmetros do painel de mercado;Consolidación de los parámetros de panel de mercado
RTC_ERPX_CHAVE_AGR;Chaves de negócio ERP XT e Gestão Agro SeniorX;Claves de negocio ERP XT y Gestión Agro SeniorX
RTC_ERPX_CHAVE_FIN_TIT_CP;Chaves de negócio ERP XT e SeniorX - Títulos de contas a pagar;Claves de negocio ERP XT y SeniorX - Títulos de cuentas por pagar
RTC_ERPX_CHAVE_FIN_TIT_CR;Chaves de negócio ERP XT e SeniorX - Títulos de contas a receber;Claves de negocio ERP XT y SeniorX - Títulos de cuentas por cobrar
RTC_ERPX_CHAVE_FND;Chaves de negócio ERP XT e SeniorX;Claves empresariales de ERP XT y SeniorX
RTC_ERPX_CHAVE_FND_ORI_MER;Chaves de negócio ERP XT e SeniorX - Fornecedores - Origem das Mercadorias;Claves de negocio ERP XT y SeniorX - Proveedores - Origen de las Mercancías
RTC_ERPX_CHAVE_FND_PESSOA;Chaves de negócio ERP XT e SeniorX - Fornecedores;Claves de negocio ERP XT y SeniorX - Proveedores
RTC_ERPX_CHAVE_MAN;Chaves de negócio ERP XT e Gestão Industrial SeniorX;Claves de negocio ERP XT y SeniorX Gestión Industrial
RTC_ERPX_CHAVE_SUP_NFC;Chaves de negócio ERP XT e SeniorX - Notas fiscais de entrada;Claves de negocio ERP XT y SeniorX - Facturas de entrada
RTC_ERPX_CHV_FND_LIG_PRODEP;Chaves de negócio ERP XT e SeniorX - Produtos por Depósito;Claves de negocio ERP XT y SeniorX - Productos por Depósito
RTC_ERPX_CONFIG;Configurações de integração SeniorX;Configuración de integración de SeniorX
RTC_ERPX_CONFIG_TABELAS;Configurações de tabelas de integração SeniorX;Configuración de la tabla de integración SeniorX
RTC_ERPX_STATUS_AGR;Controle das pendências de integração Agronegócio SeniorX;Control de las pendencias de integración Agronegocio SeniorX
RTC_ERPX_STATUS_FND;Controle das pendências de integração SeniorX;Control de los retrasos en la integración de SeniorX
RTC_ERPX_STATUS_MAN;Controle das pendências de integração manufatura SeniorX;Control de los backlogs de integración de fabricación de SeniorX
RTC_ERP_AWS_INITIALLOAD;Tabela da carga inicial da replicação AWS (Tabela utilizada pelas soluções de RH e ERP);Tabla de la carga inicial de la replicación AWS (Tabla utilizada por las soluciones de RH y ERP)
RTC_ERP_AWS_STATUS;Registros já replicados pelo replicador AWS (Tabela utilizada pelas soluções de RH e ERP);Registros ya replicados por el replicador AWS (Tabla utilizada por las soluciones de RR.HH y ERP)
RTC_ERP_GCP_STATUS;Controle das pendências de integração do gestão de pedidos;Control de los backlogs de integración de la gestión de pedidos
RTC_ERP_GKO_STATUS;Controle das pendências de integração com GKO;Control de problemas de integración con GKO.
RTC_ERP_LOG_STATUS;Controle das pendências de integração com WMS;Control de problemas de integración con WMS
RTC_FCX_STATUS;Controle das pendências de integração do fluxo de caixa;Control de integración de flujo de caja pendiente
RTC_INATIVE_REPLICATION;Tabelas que serão ignoradas na replicação para cloud;Tablas que serán ignoradas en la replicación para cloud
RTC_PENDENCIES;Tabela de pendências de replicação;Tabla de pendientes de replicación
RTC_PEND_CONTROLE;Tabela controle pendências por integração;Tabla control pendientes por integración
RTC_REPLICATIONDEF;Definição das tabelas de replicação;Definición de las tablas de replicación
RTC_REPLICATORDEF;Definição dos replicadores;Definición de los replicadores
SGSU_CART_CONSOLIDACAO;Consolidação com resultados dos indicadores do painel de suprimentos;Consolidación con resultados de los indicadores del panel de suministros
SGSU_PARAM_CONSOLIDACAO;Consolidação dos parâmetros do painel de suprimentos;Consolidación de los parámetros de panel de suministros
V011SEX;Tabelas - Sexo;Tablas - Sexo
W000ACP;Tabela para manutenção de processos de workflow ativos;Tabla para mantenimiento de procesos de workflow activos
W000CPY;Workflow - Dados politica comercial;Workflow - Datos política comercial
W000DEL;Tabela para manutenção de delegações de pendências de um processo de workflow;Tabla para mantenimiento de delegaciones de pendientes de un proceso de workflow
W000DPR;Tabela para manutenção de processos publicados de workflow;Tabla para mantenimiento de los procesos publicados de workflow 
W000EXP;Tabela para manutenção de expirações de pendências;Tabla para mantenimiento de expiraciones de pendientes
W000KEY;Mantém chaves associadas à instâncias de processos;Mantiene llaves asociadas a las instancias de procesos
W000PCY;Tabela para manutenção de pendências de processos do workflow;Tabla para mantenimiento de pendientes de procesos del workflow
W000PID;Tabela para controle de identificadores de instância de processos;Tabla para control de identificadores de instancia de procesos
W000PRC;Tabela para manutenção de processos importados;Tabla para mantenimiento de procesos importados
W000PRI;Tabela para manutenção de instâncias de processos em execução;Tabla para mantenimiento de instancias de procesos en ejecución
W000STP;Tabela de manutenção de passos executados pelo processo;Tablas - Integraciones - Tabla de intereses
W000TMP;Tabela para manutenção de dados temporários na execução de processos;Tabla para mantenimiento de datos temporales en la ejecución de procesos
W000TMR;Tabela para manutenção de temporizadores de processos;Tabla para mantenimiento de temporizadores de procesos
W000VAR;Tabela para a manutenção de variáveis publicas relacionadas a pendências;Tabla para el mantenimiento de variables publicas relacionadas a pendientes
W100ACC;Permissões por processo;Permisos por proceso
W100EMA;Templates de e-mail;Plantillas de e-mail
W200EVT;Tabela para histórico de execução dos processos;Tabla para histórico de ejecución de los procesos
W200PCY;Tabela para histórico de execução de pendências de processos de workflow;Tabla para histórico de ejecución de pendientes de procesos de workflow
W200PRI;Tabela para manutenção do histórico de execução de processos;Tabla para mantenimiento del histórico de ejecución de procesos
W200UPP;Tabela para manutenção de usuários que participaram de um processo;Tabla para mantenimiento de usuarios que participaron de un proceso
W200VAR;Tabela para manutenção de histórico de variáveis públicas relacionadas ao processo;Tabla para mantenimiento de histórico de variables públicas relacionadas al proceso
EW501TCP;Controladoria - Fechamento Contábil (Conciliação Fornecedor);Contraloría - Cierre Contable (Conciliación Proveedor)
EW115EXP;VIEW DO RELATÓRIO 061 DE MOVIMENTAÇÕES EXPEDIÇÕES/DEVOLUÇÕES;VISTA DEL INFORME 061 DE MOVIMIENTOS ENVÍOS/Devoluciones
EWROYCMP;VIEW DO RELATÓRIO 009 DE ROYALTIES - COMPRAS; VISTA INFORME DE REGALÍAS 009 - COMPRAS
EW67SCU;Patrimônio - Saldo Mensal por Conta Contábil e Centro de Custos;Patrimonio - Saldo Mensual por Cuenta Contable y Centro de Costos
EW909MVO;Manufatura - Movimento de OP/OS;Manufactura - Movimiento de OP/OS
EW95FOR;Cadastros - Tempo de associação do Cooperado;Registros - Tiempo de asociación del Cooperado
EW67SCT;Patrimônio - Saldo Mensal por Conta Contábil;Patrimonio - Saldo Mensual por Cuenta Contable
EW99USU;Tabelas - Cadastro de Usuários;Tablas - Maestro de Usuarios
EW301TCR;Controladoria - Fechamento Contábil (Conciliação Cliente);Contraloría - Cierre Contable (Conciliación Cliente)
EW115CES;VIEW DO RELATÓRIO 060 DE MOVIMENTAÇÕES RECEBIMENTOS/DEVOLUÇÕES;VISTA DE INFORME DE TRANSACCIONES 060 RECIBOS/Devoluciones
EW140FGR;Comercial - Vendas - Faturamento em Grade;Comercial - Ventas - Facturación en Rejilla
EW67SCC;Patrimônio - Saldo Mensal por Centro de Custos;Patrimonio - Saldo Mensual por Centro de Costos
EW67SUC;Patrimônio - Saldo Mensal por Centro de Custos e Conta Contábil;Patrimonio - Saldo Mensual por Centro de Costos y Cuenta Contable
EWROYREC;VIEW DO RELATÓRIO 008 DE ROYALTIES - RECEBIMENTOS/DEVOLUÇÕES;VISTA INFORME DE REGALÍAS 008 - RECIBOS/Devoluciones
EW930IMO;Manufatura - Parada - Movimentos de OP Afetados;Manufactura - Parada - Movimientos de OP Afectados
EWMONSANTO;VIEW DO RELATÓRIO 059 DE ROYALTIES - DADOS PARA IMPORTAÇÃO MONSANTO;VISTA DEL INFORME DE REGALÍAS 059 - DATOS DE IMPORTACIONES DE MONSANTO
